date,value
2000-02-18,3.4169
2000-02-22,3.4023
2000-02-23,3.4042
2000-02-24,3.3919
2000-02-25,3.2866
2000-02-28,3.1669
2000-02-29,3.0591
2000-03-01,3.2077
2000-03-02,3.3695
2000-03-03,3.619
2000-03-06,3.8653
2000-03-07,4.0429
2000-03-08,4.1451
2000-03-09,4.1891
2000-03-10,4.2407
2000-03-13,4.2138
2000-03-14,4.0169
2000-03-15,3.7466
2000-03-16,3.5205
2000-03-17,3.3808
2000-03-20,3.2631
2000-03-21,3.3484
2000-03-22,3.6963
2000-03-23,4.1363
2000-03-24,4.5596
2000-03-27,4.9539
2000-03-28,5.2911
2000-03-29,5.5118
2000-03-30,5.473
2000-03-31,5.4214
2000-04-03,5.3123
2000-04-04,5.0651
2000-04-05,4.7817
2000-04-06,4.3968
2000-04-07,4.063
2000-04-10,3.6618
2000-04-11,3.1425
2000-04-12,2.4064
2000-04-13,1.6405
2000-04-14,0.8612
2000-04-17,0.304
2000-04-18,-0.0377
2000-04-19,-0.3181
2000-04-20,-0.5805
2000-04-24,-0.7905
2000-04-25,-0.8303
2000-04-26,-0.8711
2000-04-27,-0.8216
2000-04-28,-0.7592
2000-05-01,-0.6862
2000-05-02,-0.7116
2000-05-03,-0.8405
2000-05-04,-1.0954
2000-05-05,-1.3746
2000-05-08,-1.6992
2000-05-09,-2.1059
2000-05-10,-2.6358
2000-05-11,-3.1533
2000-05-12,-3.552
2000-05-15,-3.9528
2000-05-16,-4.2502
2000-05-17,-4.5262
2000-05-18,-4.7741
2000-05-19,-5.0882
2000-05-22,-5.4804
2000-05-23,-5.9544
2000-05-24,-6.4113
2000-05-25,-6.8256
2000-05-26,-7.1903
2000-05-30,-7.4695
2000-05-31,-7.7201
2000-06-01,-7.8404
2000-06-02,-7.8
2000-06-05,-7.6631
2000-06-06,-7.4307
2000-06-07,-7.0746
2000-06-08,-6.6716
2000-06-09,-6.23
2000-06-12,-5.846
2000-06-13,-5.4521
2000-06-14,-5.1249
2000-06-15,-4.8143
2000-06-16,-4.5381
2000-06-19,-4.2011
2000-06-20,-3.7602
2000-06-21,-3.9965
2000-06-22,-4.6658
2000-06-23,-5.5936
2000-06-26,-6.5831
2000-06-27,-7.5824
2000-06-28,-8.4753
2000-06-29,-9.2862
2000-06-30,-9.964
2000-07-03,-10.4854
2000-07-05,-10.8843
2000-07-06,-11.1577
2000-07-07,-11.2709
2000-07-10,-11.2091
2000-07-11,-11.0182
2000-07-12,-10.7005
2000-07-13,-10.3335
2000-07-14,-9.9123
2000-07-17,-9.4467
2000-07-18,-8.9731
2000-07-19,-8.5716
2000-07-20,-8.1778
2000-07-21,-7.816
2000-07-24,-7.5531
2000-07-25,-7.3268
2000-07-26,-7.1186
2000-07-27,-6.8856
2000-07-28,-6.6924
2000-07-31,-6.4791
2000-08-01,-6.2736
2000-08-02,-6.1022
2000-08-03,-5.9355
2000-08-04,-5.7767
2000-08-07,-5.6091
2000-08-08,-5.4509
2000-08-09,-5.2826
2000-08-10,-5.1038
2000-08-11,-4.9141
2000-08-14,-4.7262
2000-08-15,-4.5446
2000-08-16,-4.3371
2000-08-17,-4.0676
2000-08-18,-3.7869
2000-08-21,-3.4974
2000-08-22,-3.1906
2000-08-23,-2.8399
2000-08-24,-2.4449
2000-08-25,-2.0261
2000-08-28,-1.5898
2000-08-29,-1.1438
2000-08-30,-0.7074
2000-08-31,-0.2755
2000-09-01,0.1716
2000-09-05,0.5884
2000-09-06,0.8992
2000-09-07,1.182
2000-09-08,1.38
2000-09-11,1.5043
2000-09-12,1.5614
2000-09-13,1.5738
2000-09-14,1.5359
2000-09-15,1.4388
2000-09-18,1.3931
2000-09-19,1.3673
2000-09-20,1.37
2000-09-21,1.3177
2000-09-22,1.1589
2000-09-25,0.9599
2000-09-26,0.711
2000-09-27,0.4025
2000-09-28,0.1446
2000-09-29,-0.5111
2000-10-02,-1.4046
2000-10-03,-2.428
2000-10-04,-3.4528
2000-10-05,-4.4417
2000-10-06,-5.3441
2000-10-09,-6.1398
2000-10-10,-6.8269
2000-10-11,-7.4144
2000-10-12,-7.8857
2000-10-13,-8.2086
2000-10-16,-8.4118
2000-10-17,-8.5321
2000-10-18,-8.5748
2000-10-19,-8.5658
2000-10-20,-8.4964
2000-10-23,-8.3597
2000-10-24,-8.1927
2000-10-25,-8.0027
2000-10-26,-7.7901
2000-10-27,-7.5557
2000-10-30,-7.2907
2000-10-31,-6.9999
2000-11-01,-6.6772
2000-11-02,-6.3073
2000-11-03,-5.9138
2000-11-06,-5.5255
2000-11-07,-5.1504
2000-11-08,-4.8114
2000-11-09,-4.4998
2000-11-10,-4.2294
2000-11-13,-3.9845
2000-11-14,-3.7453
2000-11-15,-3.5196
2000-11-16,-3.3202
2000-11-17,-3.1481
2000-11-20,-2.9879
2000-11-21,-2.8389
2000-11-22,-2.7031
2000-11-24,-2.5637
2000-11-27,-2.4334
2000-11-28,-2.3206
2000-11-29,-2.2268
2000-11-30,-2.1618
2000-12-01,-2.1043
2000-12-04,-2.0557
2000-12-05,-2.0055
2000-12-06,-1.9954
2000-12-07,-2.0063
2000-12-08,-2.0133
2000-12-11,-2.0108
2000-12-12,-1.9949
2000-12-13,-1.973
2000-12-14,-1.9528
2000-12-15,-1.9364
2000-12-18,-1.9158
2000-12-19,-1.8933
2000-12-20,-1.8603
2000-12-21,-1.8234
2000-12-22,-1.7669
2000-12-26,-1.7019
2000-12-27,-1.6292
2000-12-28,-1.5517
2000-12-29,-1.4708
2001-01-02,-1.3885
2001-01-03,-1.2827
2001-01-04,-1.1538
2001-01-05,-1.0256
2001-01-08,-0.8992
2001-01-09,-0.7684
2001-01-10,-0.65
2001-01-11,-0.5212
2001-01-12,-0.4043
2001-01-16,-0.3012
2001-01-17,-0.2164
2001-01-18,-0.117
2001-01-19,-0.0005
2001-01-22,0.1166
2001-01-23,0.2476
2001-01-24,0.3799
2001-01-25,0.4963
2001-01-26,0.5895
2001-01-29,0.6958
2001-01-30,0.8041
2001-01-31,0.9042
2001-02-01,0.9837
2001-02-02,1.0361
2001-02-05,1.0594
2001-02-06,1.0757
2001-02-07,1.0784
2001-02-08,1.07
2001-02-09,1.0266
2001-02-12,0.9704
2001-02-13,0.8976
2001-02-14,0.8225
2001-02-15,0.7567
2001-02-16,0.6817
2001-02-20,0.5923
2001-02-21,0.5061
2001-02-22,0.4243
2001-02-23,0.3486
2001-02-26,0.2909
2001-02-27,0.2448
2001-02-28,0.1899
2001-03-01,0.14
2001-03-02,0.1034
2001-03-05,0.0947
2001-03-06,0.1219
2001-03-07,0.1657
2001-03-08,0.2104
2001-03-09,0.2438
2001-03-12,0.2418
2001-03-13,0.2322
2001-03-14,0.2318
2001-03-15,0.2248
2001-03-16,0.2123
2001-03-19,0.2116
2001-03-20,0.2039
2001-03-21,0.1986
2001-03-22,0.2186
2001-03-23,0.275
2001-03-26,0.331
2001-03-27,0.4006
2001-03-28,0.4629
2001-03-29,0.5221
2001-03-30,0.5677
2001-04-02,0.5935
2001-04-03,0.5825
2001-04-04,0.536
2001-04-05,0.4903
2001-04-06,0.4419
2001-04-09,0.3925
2001-04-10,0.3682
2001-04-11,0.3562
2001-04-12,0.3615
2001-04-16,0.3611
2001-04-17,0.3396
2001-04-18,0.3434
2001-04-19,0.4088
2001-04-20,0.4976
2001-04-23,0.5827
2001-04-24,0.6562
2001-04-25,0.728
2001-04-26,0.793
2001-04-27,0.8724
2001-04-30,0.9435
2001-05-01,1.0105
2001-05-02,1.0796
2001-05-03,1.118
2001-05-04,1.1452
2001-05-07,1.1487
2001-05-08,1.1283
2001-05-09,1.082
2001-05-10,1.0039
2001-05-11,0.9052
2001-05-14,0.8037
2001-05-15,0.7022
2001-05-16,0.6191
2001-05-17,0.5417
2001-05-18,0.4704
2001-05-21,0.4061
2001-05-22,0.3476
2001-05-23,0.2907
2001-05-24,0.2367
2001-05-25,0.1797
2001-05-29,0.103
2001-05-30,-0.0094
2001-05-31,-0.1355
2001-06-01,-0.2483
2001-06-04,-0.3499
2001-06-05,-0.4339
2001-06-06,-0.5048
2001-06-07,-0.5479
2001-06-08,-0.5754
2001-06-11,-0.6107
2001-06-12,-0.6435
2001-06-13,-0.669
2001-06-14,-0.6963
2001-06-15,-0.713
2001-06-18,-0.7221
2001-06-19,-0.7267
2001-06-20,-0.7029
2001-06-21,-0.6479
2001-06-22,-0.5784
2001-06-25,-0.4745
2001-06-26,-0.3573
2001-06-27,-0.2436
2001-06-28,-0.1343
2001-06-29,-0.0378
2001-07-02,0.056
2001-07-03,0.1422
2001-07-05,0.2084
2001-07-06,0.2396
2001-07-09,0.2574
2001-07-10,0.2403
2001-07-11,0.2241
2001-07-12,0.2378
2001-07-13,0.2768
2001-07-16,0.3148
2001-07-17,0.3677
2001-07-18,0.3574
2001-07-19,0.2942
2001-07-20,0.2006
2001-07-23,0.0855
2001-07-24,-0.0445
2001-07-25,-0.1867
2001-07-26,-0.3269
2001-07-27,-0.4517
2001-07-30,-0.5599
2001-07-31,-0.6529
2001-08-01,-0.7257
2001-08-02,-0.7682
2001-08-03,-0.7929
2001-08-06,-0.8093
2001-08-07,-0.8158
2001-08-08,-0.8194
2001-08-09,-0.8169
2001-08-10,-0.8092
2001-08-13,-0.7958
2001-08-14,-0.7833
2001-08-15,-0.775
2001-08-16,-0.7646
2001-08-17,-0.761
2001-08-20,-0.7592
2001-08-21,-0.7601
2001-08-22,-0.7564
2001-08-23,-0.7546
2001-08-24,-0.7402
2001-08-27,-0.7114
2001-08-28,-0.6818
2001-08-29,-0.6608
2001-08-30,-0.6448
2001-08-31,-0.6197
2001-09-04,-0.5937
2001-09-05,-0.5623
2001-09-06,-0.5411
2001-09-07,-0.5333
2001-09-10,-0.5316
2001-09-17,-0.5386
2001-09-18,-0.5609
2001-09-19,-0.5784
2001-09-20,-0.6122
2001-09-21,-0.6521
2001-09-24,-0.6808
2001-09-25,-0.714
2001-09-26,-0.7528
2001-09-27,-0.7857
2001-09-28,-0.8113
2001-10-01,-0.8287
2001-10-02,-0.846
2001-10-03,-0.8615
2001-10-04,-0.8587
2001-10-05,-0.8385
2001-10-08,-0.8056
2001-10-09,-0.7678
2001-10-10,-0.7141
2001-10-11,-0.6369
2001-10-12,-0.5433
2001-10-15,-0.4434
2001-10-16,-0.3434
2001-10-17,-0.2642
2001-10-18,-0.1853
2001-10-19,-0.1057
2001-10-22,-0.0179
2001-10-23,0.0562
2001-10-24,0.1308
2001-10-25,0.2053
2001-10-26,0.267
2001-10-29,0.3003
2001-10-30,0.3129
2001-10-31,0.3105
2001-11-01,0.3145
2001-11-02,0.3214
2001-11-05,0.3368
2001-11-06,0.3641
2001-11-07,0.3969
2001-11-08,0.4164
2001-11-09,0.4256
2001-11-12,0.4276
2001-11-13,0.4338
2001-11-14,0.4453
2001-11-15,0.4558
2001-11-16,0.4565
2001-11-19,0.4664
2001-11-20,0.473
2001-11-21,0.4785
2001-11-23,0.4844
2001-11-26,0.5137
2001-11-27,0.5489
2001-11-28,0.5774
2001-11-29,0.5969
2001-11-30,0.6226
2001-12-03,0.6453
2001-12-04,0.6851
2001-12-05,0.7536
2001-12-06,0.8192
2001-12-07,0.8738
2001-12-10,0.9167
2001-12-11,0.9357
2001-12-12,0.9321
2001-12-13,0.9045
2001-12-14,0.8516
2001-12-17,0.7872
2001-12-18,0.7235
2001-12-19,0.6716
2001-12-20,0.6132
2001-12-21,0.5576
2001-12-24,0.5111
2001-12-26,0.4738
2001-12-27,0.4523
2001-12-28,0.4465
2001-12-31,0.4414
2002-01-02,0.4584
2002-01-03,0.4917
2002-01-04,0.5342
2002-01-07,0.5663
2002-01-08,0.5844
2002-01-09,0.576
2002-01-10,0.5435
2002-01-11,0.4935
2002-01-14,0.4356
2002-01-15,0.3835
2002-01-16,0.3224
2002-01-17,0.285
2002-01-18,0.259
2002-01-22,0.2353
2002-01-23,0.2328
2002-01-24,0.2464
2002-01-25,0.2693
2002-01-28,0.2966
2002-01-29,0.3213
2002-01-30,0.3587
2002-01-31,0.4112
2002-02-01,0.4647
2002-02-04,0.5299
2002-02-05,0.5993
2002-02-06,0.654
2002-02-07,0.6892
2002-02-08,0.7045
2002-02-11,0.72
2002-02-12,0.7288
2002-02-13,0.7362
2002-02-14,0.7341
2002-02-15,0.7133
2002-02-19,0.6597
2002-02-20,0.5952
2002-02-21,0.4997
2002-02-22,0.4085
2002-02-25,0.3409
2002-02-26,0.2887
2002-02-27,0.2208
2002-02-28,0.1421
2002-03-01,0.0883
2002-03-04,0.0662
2002-03-05,0.0527
2002-03-06,0.0539
2002-03-07,0.0691
2002-03-08,0.0965
2002-03-11,0.1363
2002-03-12,0.1761
2002-03-13,0.2097
2002-03-14,0.2362
2002-03-15,0.2646
2002-03-18,0.2889
2002-03-19,0.3102
2002-03-20,0.3292
2002-03-21,0.3344
2002-03-22,0.3272
2002-03-25,0.3
2002-03-26,0.2627
2002-03-27,0.2207
2002-03-28,0.1805
2002-04-01,0.1559
2002-04-02,0.1357
2002-04-03,0.1139
2002-04-04,0.1103
2002-04-05,0.1155
2002-04-08,0.1229
2002-04-09,0.1236
2002-04-10,0.1287
2002-04-11,0.1392
2002-04-12,0.1554
2002-04-15,0.1731
2002-04-16,0.2021
2002-04-17,0.2422
2002-04-18,0.2754
2002-04-19,0.295
2002-04-22,0.2972
2002-04-23,0.2833
2002-04-24,0.2517
2002-04-25,0.2157
2002-04-26,0.1606
2002-04-29,0.1112
2002-04-30,0.0727
2002-05-01,0.0382
2002-05-02,0.0033
2002-05-03,-0.0328
2002-05-06,-0.0815
2002-05-07,-0.1382
2002-05-08,-0.1664
2002-05-09,-0.1776
2002-05-10,-0.1911
2002-05-13,-0.1951
2002-05-14,-0.1657
2002-05-15,-0.1218
2002-05-16,-0.0721
2002-05-17,-0.0243
2002-05-20,0.0156
2002-05-21,0.0279
2002-05-22,0.036
2002-05-23,0.0546
2002-05-24,0.0623
2002-05-28,0.0599
2002-05-29,0.0512
2002-05-30,0.0423
2002-05-31,0.0194
2002-06-03,-0.0174
2002-06-04,-0.063
2002-06-05,-0.1126
2002-06-06,-0.1707
2002-06-07,-0.2429
2002-06-10,-0.3182
2002-06-11,-0.4072
2002-06-12,-0.505
2002-06-13,-0.6108
2002-06-14,-0.7058
2002-06-17,-0.7804
2002-06-18,-0.8427
2002-06-19,-0.9405
2002-06-20,-1.0534
2002-06-21,-1.1717
2002-06-24,-1.2777
2002-06-25,-1.3696
2002-06-26,-1.4542
2002-06-27,-1.5183
2002-06-28,-1.5522
2002-07-01,-1.5724
2002-07-02,-1.5812
2002-07-03,-1.5692
2002-07-05,-1.5221
2002-07-08,-1.4638
2002-07-09,-1.4057
2002-07-10,-1.351
2002-07-11,-1.2826
2002-07-12,-1.2189
2002-07-15,-1.1473
2002-07-16,-1.0776
2002-07-17,-1.0459
2002-07-18,-1.0476
2002-07-19,-1.0681
2002-07-22,-1.0976
2002-07-23,-1.1358
2002-07-24,-1.1633
2002-07-25,-1.1934
2002-07-26,-1.2211
2002-07-29,-1.2322
2002-07-30,-1.223
2002-07-31,-1.2015
2002-08-01,-1.178
2002-08-02,-1.1574
2002-08-05,-1.1443
2002-08-06,-1.1221
2002-08-07,-1.0882
2002-08-08,-1.0419
2002-08-09,-0.9927
2002-08-12,-0.9421
2002-08-13,-0.8976
2002-08-14,-0.8479
2002-08-15,-0.7886
2002-08-16,-0.7214
2002-08-19,-0.6484
2002-08-20,-0.5753
2002-08-21,-0.5012
2002-08-22,-0.4317
2002-08-23,-0.3715
2002-08-26,-0.3227
2002-08-27,-0.2937
2002-08-28,-0.2803
2002-08-29,-0.2768
2002-08-30,-0.2782
2002-09-03,-0.2932
2002-09-04,-0.3084
2002-09-05,-0.327
2002-09-06,-0.3428
2002-09-09,-0.3554
2002-09-10,-0.3652
2002-09-11,-0.3725
2002-09-12,-0.3794
2002-09-13,-0.3843
2002-09-16,-0.3816
2002-09-17,-0.3687
2002-09-18,-0.3456
2002-09-19,-0.3236
2002-09-20,-0.2981
2002-09-23,-0.2713
2002-09-24,-0.2479
2002-09-25,-0.2227
2002-09-26,-0.2008
2002-09-27,-0.1813
2002-09-30,-0.1675
2002-10-01,-0.1574
2002-10-02,-0.1552
2002-10-03,-0.1557
2002-10-04,-0.1618
2002-10-07,-0.1749
2002-10-08,-0.1925
2002-10-09,-0.213
2002-10-10,-0.2256
2002-10-11,-0.2257
2002-10-14,-0.2133
2002-10-15,-0.1871
2002-10-16,-0.1627
2002-10-17,-0.1476
2002-10-18,-0.135
2002-10-21,-0.1209
2002-10-22,-0.104
2002-10-23,-0.0832
2002-10-24,-0.0639
2002-10-25,-0.0347
2002-10-28,0.0023
2002-10-29,0.0394
2002-10-30,0.0833
2002-10-31,0.1304
2002-11-01,0.1812
2002-11-04,0.2399
2002-11-05,0.2999
2002-11-06,0.3622
2002-11-07,0.4022
2002-11-08,0.4227
2002-11-11,0.4182
2002-11-12,0.4048
2002-11-13,0.385
2002-11-14,0.3725
2002-11-15,0.3589
2002-11-18,0.3397
2002-11-19,0.3111
2002-11-20,0.2816
2002-11-21,0.2656
2002-11-22,0.2527
2002-11-25,0.2413
2002-11-26,0.222
2002-11-27,0.2031
2002-11-29,0.1815
2002-12-02,0.1539
2002-12-03,0.1232
2002-12-04,0.0889
2002-12-05,0.0486
2002-12-06,0.0115
2002-12-09,-0.0248
2002-12-10,-0.0502
2002-12-11,-0.0639
2002-12-12,-0.0743
2002-12-13,-0.0882
2002-12-16,-0.1024
2002-12-17,-0.1123
2002-12-18,-0.1267
2002-12-19,-0.1488
2002-12-20,-0.1753
2002-12-23,-0.1971
2002-12-24,-0.2164
2002-12-26,-0.232
2002-12-27,-0.2495
2002-12-30,-0.2664
2002-12-31,-0.2773
2003-01-02,-0.2757
2003-01-03,-0.2643
2003-01-06,-0.2466
2003-01-07,-0.2261
2003-01-08,-0.2093
2003-01-09,-0.193
2003-01-10,-0.177
2003-01-13,-0.1629
2003-01-14,-0.1507
2003-01-15,-0.1429
2003-01-16,-0.1348
2003-01-17,-0.1351
2003-01-21,-0.1415
2003-01-22,-0.1533
2003-01-23,-0.163
2003-01-24,-0.1762
2003-01-27,-0.1855
2003-01-28,-0.184
2003-01-29,-0.1756
2003-01-30,-0.1669
2003-01-31,-0.1576
2003-02-03,-0.1432
2003-02-04,-0.1269
2003-02-05,-0.1125
2003-02-06,-0.1001
2003-02-07,-0.0937
2003-02-10,-0.0882
2003-02-11,-0.0832
2003-02-12,-0.078
2003-02-13,-0.0704
2003-02-14,-0.0594
2003-02-18,-0.0371
2003-02-19,-0.0157
2003-02-20,0.003
2003-02-21,0.0226
2003-02-24,0.0375
2003-02-25,0.0531
2003-02-26,0.0599
2003-02-27,0.0664
2003-02-28,0.0746
2003-03-03,0.0776
2003-03-04,0.0756
2003-03-05,0.0712
2003-03-06,0.0645
2003-03-07,0.0561
2003-03-10,0.0444
2003-03-11,0.0288
2003-03-12,0.0115
2003-03-13,0.0019
2003-03-14,-0.0014
2003-03-17,0.0031
2003-03-18,0.0121
2003-03-19,0.0226
2003-03-20,0.0328
2003-03-21,0.0437
2003-03-24,0.0442
2003-03-25,0.041
2003-03-26,0.0333
2003-03-27,0.0244
2003-03-28,0.0165
2003-03-31,0.0026
2003-04-01,-0.0139
2003-04-02,-0.0242
2003-04-03,-0.0322
2003-04-04,-0.0391
2003-04-07,-0.0435
2003-04-08,-0.0467
2003-04-09,-0.0531
2003-04-10,-0.058
2003-04-11,-0.0804
2003-04-14,-0.1063
2003-04-15,-0.1357
2003-04-16,-0.168
2003-04-17,-0.2019
2003-04-21,-0.2343
2003-04-22,-0.2575
2003-04-23,-0.2721
2003-04-24,-0.2822
2003-04-25,-0.2896
2003-04-28,-0.2863
2003-04-29,-0.2725
2003-04-30,-0.2497
2003-05-01,-0.2196
2003-05-02,-0.1847
2003-05-05,-0.1219
2003-05-06,-0.0222
2003-05-07,0.0979
2003-05-08,0.2298
2003-05-09,0.3664
2003-05-12,0.5022
2003-05-13,0.6309
2003-05-14,0.7452
2003-05-15,0.8455
2003-05-16,0.931
2003-05-19,0.9894
2003-05-20,1.0207
2003-05-21,1.0319
2003-05-22,1.0338
2003-05-23,1.0287
2003-05-27,1.026
2003-05-28,1.0132
2003-05-29,0.9894
2003-05-30,0.9554
2003-06-02,0.9065
2003-06-03,0.8467
2003-06-04,0.7858
2003-06-05,0.7263
2003-06-06,0.6613
2003-06-09,0.589
2003-06-10,0.5207
2003-06-11,0.4618
2003-06-12,0.4158
2003-06-13,0.3738
2003-06-16,0.3493
2003-06-17,0.3348
2003-06-18,0.3416
2003-06-19,0.3608
2003-06-20,0.3869
2003-06-23,0.4129
2003-06-24,0.4321
2003-06-25,0.4499
2003-06-26,0.4681
2003-06-27,0.4756
2003-06-30,0.4801
2003-07-01,0.482
2003-07-02,0.4839
2003-07-03,0.4823
2003-07-07,0.4894
2003-07-08,0.5088
2003-07-09,0.5257
2003-07-10,0.534
2003-07-11,0.5395
2003-07-14,0.5425
2003-07-15,0.538
2003-07-16,0.532
2003-07-17,0.5404
2003-07-18,0.5557
2003-07-21,0.5692
2003-07-22,0.5826
2003-07-23,0.5937
2003-07-24,0.597
2003-07-25,0.6104
2003-07-28,0.6191
2003-07-29,0.6188
2003-07-30,0.6044
2003-07-31,0.5933
2003-08-01,0.5779
2003-08-04,0.567
2003-08-05,0.5449
2003-08-06,0.5038
2003-08-07,0.4565
2003-08-08,0.4022
2003-08-11,0.3457
2003-08-12,0.2907
2003-08-13,0.2464
2003-08-14,0.2074
2003-08-15,0.169
2003-08-18,0.1427
2003-08-19,0.1247
2003-08-20,0.1236
2003-08-21,0.1436
2003-08-22,0.1626
2003-08-25,0.1793
2003-08-26,0.1963
2003-08-27,0.2191
2003-08-28,0.2551
2003-08-29,0.3036
2003-09-02,0.3605
2003-09-03,0.4205
2003-09-04,0.4765
2003-09-05,0.5205
2003-09-08,0.5575
2003-09-09,0.581
2003-09-10,0.5903
2003-09-11,0.5951
2003-09-12,0.6039
2003-09-15,0.5994
2003-09-16,0.5876
2003-09-17,0.5668
2003-09-18,0.5523
2003-09-19,0.5364
2003-09-22,0.5113
2003-09-23,0.4861
2003-09-24,0.4435
2003-09-25,0.3768
2003-09-26,0.3019
2003-09-29,0.2349
2003-09-30,0.1664
2003-10-01,0.1014
2003-10-02,0.0383
2003-10-03,-0.0026
2003-10-06,-0.0179
2003-10-07,-0.0014
2003-10-08,0.0317
2003-10-09,0.0794
2003-10-10,0.1374
2003-10-13,0.2092
2003-10-14,0.2885
2003-10-15,0.3721
2003-10-16,0.428
2003-10-17,0.4548
2003-10-20,0.4683
2003-10-21,0.471
2003-10-22,0.4592
2003-10-23,0.4414
2003-10-24,0.4136
2003-10-27,0.3801
2003-10-28,0.3617
2003-10-29,0.3524
2003-10-30,0.3391
2003-10-31,0.3198
2003-11-03,0.3013
2003-11-04,0.2797
2003-11-05,0.2586
2003-11-06,0.2398
2003-11-07,0.2129
2003-11-10,0.1723
2003-11-11,0.1192
2003-11-12,0.0733
2003-11-13,0.0355
2003-11-14,-0.0105
2003-11-17,-0.0645
2003-11-18,-0.132
2003-11-19,-0.204
2003-11-20,-0.2754
2003-11-21,-0.3434
2003-11-24,-0.3911
2003-11-25,-0.4302
2003-11-26,-0.4602
2003-11-28,-0.4789
2003-12-01,-0.4757
2003-12-02,-0.4605
2003-12-03,-0.4457
2003-12-04,-0.429
2003-12-05,-0.4157
2003-12-08,-0.4012
2003-12-09,-0.3954
2003-12-10,-0.3955
2003-12-11,-0.3851
2003-12-12,-0.373
2003-12-15,-0.371
2003-12-16,-0.3755
2003-12-17,-0.3867
2003-12-18,-0.3982
2003-12-19,-0.4137
2003-12-22,-0.4276
2003-12-23,-0.4394
2003-12-24,-0.4387
2003-12-26,-0.4234
2003-12-29,-0.3927
2003-12-30,-0.3511
2003-12-31,-0.3027
2004-01-02,-0.2531
2004-01-05,-0.1908
2004-01-06,-0.1244
2004-01-07,-0.0509
2004-01-08,0.0357
2004-01-09,0.1202
2004-01-12,0.2103
2004-01-13,0.3049
2004-01-14,0.3979
2004-01-15,0.4627
2004-01-16,0.5032
2004-01-20,0.5254
2004-01-21,0.5318
2004-01-22,0.52
2004-01-23,0.5022
2004-01-26,0.4876
2004-01-27,0.4757
2004-01-28,0.4561
2004-01-29,0.4344
2004-01-30,0.4095
2004-02-02,0.3792
2004-02-03,0.3452
2004-02-04,0.3025
2004-02-05,0.2658
2004-02-06,0.2389
2004-02-09,0.2184
2004-02-10,0.2073
2004-02-11,0.2154
2004-02-12,0.2335
2004-02-13,0.2446
2004-02-17,0.2529
2004-02-18,0.26
2004-02-19,0.2527
2004-02-20,0.2352
2004-02-23,0.2082
2004-02-24,0.1789
2004-02-25,0.1566
2004-02-26,0.143
2004-02-27,0.1494
2004-03-01,0.1692
2004-03-02,0.1927
2004-03-03,0.2185
2004-03-04,0.2637
2004-03-05,0.3433
2004-03-08,0.4278
2004-03-09,0.5274
2004-03-10,0.6393
2004-03-11,0.7432
2004-03-12,0.8414
2004-03-15,0.9113
2004-03-16,0.9477
2004-03-17,0.9649
2004-03-18,0.9587
2004-03-19,0.9389
2004-03-22,0.9096
2004-03-23,0.8647
2004-03-24,0.8137
2004-03-25,0.7815
2004-03-26,0.7639
2004-03-29,0.7683
2004-03-30,0.7848
2004-03-31,0.7921
2004-04-01,0.7927
2004-04-02,0.7933
2004-04-05,0.8053
2004-04-06,0.8141
2004-04-07,0.8102
2004-04-08,0.8004
2004-04-12,0.7936
2004-04-13,0.7695
2004-04-14,0.7295
2004-04-15,0.7224
2004-04-16,0.7327
2004-04-19,0.7384
2004-04-20,0.7295
2004-04-21,0.7101
2004-04-22,0.6844
2004-04-23,0.6533
2004-04-26,0.6098
2004-04-27,0.5563
2004-04-28,0.4904
2004-04-29,0.4241
2004-04-30,0.3443
2004-05-03,0.264
2004-05-04,0.1882
2004-05-05,0.1268
2004-05-06,0.0764
2004-05-07,0.0366
2004-05-10,-0.0007
2004-05-11,-0.0207
2004-05-12,-0.0262
2004-05-13,-0.0241
2004-05-14,-0.0194
2004-05-17,-0.0198
2004-05-18,-0.0168
2004-05-19,-0.0211
2004-05-20,-0.0259
2004-05-21,-0.0244
2004-05-24,-0.0152
2004-05-25,0.0154
2004-05-26,0.0594
2004-05-27,0.1039
2004-05-28,0.1444
2004-06-01,0.18
2004-06-02,0.2239
2004-06-03,0.2619
2004-06-04,0.2997
2004-06-07,0.3511
2004-06-08,0.4162
2004-06-09,0.4831
2004-06-10,0.5552
2004-06-14,0.6155
2004-06-15,0.673
2004-06-16,0.7569
2004-06-17,0.8524
2004-06-18,0.9497
2004-06-21,1.0317
2004-06-22,1.1081
2004-06-23,1.1857
2004-06-24,1.2489
2004-06-25,1.3053
2004-06-28,1.3321
2004-06-29,1.3361
2004-06-30,1.3232
2004-07-01,1.2936
2004-07-02,1.2326
2004-07-06,1.1502
2004-07-07,1.0472
2004-07-08,0.9304
2004-07-09,0.807
2004-07-12,0.6701
2004-07-13,0.5315
2004-07-14,0.4037
2004-07-15,0.3419
2004-07-16,0.3123
2004-07-19,0.3
2004-07-20,0.3022
2004-07-21,0.3035
2004-07-22,0.3043
2004-07-23,0.2885
2004-07-26,0.2714
2004-07-27,0.2724
2004-07-28,0.2815
2004-07-29,0.3005
2004-07-30,0.3193
2004-08-02,0.324
2004-08-03,0.3143
2004-08-04,0.3034
2004-08-05,0.2852
2004-08-06,0.2371
2004-08-09,0.1804
2004-08-10,0.1405
2004-08-11,0.1046
2004-08-12,0.0628
2004-08-13,0.0267
2004-08-16,-0.0048
2004-08-17,-0.0304
2004-08-18,-0.0371
2004-08-19,-0.0478
2004-08-20,-0.0589
2004-08-23,-0.0652
2004-08-24,-0.0541
2004-08-25,-0.0149
2004-08-26,0.0655
2004-08-27,0.1624
2004-08-30,0.2606
2004-08-31,0.3597
2004-09-01,0.4752
2004-09-02,0.5908
2004-09-03,0.692
2004-09-07,0.7858
2004-09-08,0.8777
2004-09-09,0.9513
2004-09-10,1.01
2004-09-13,1.0495
2004-09-14,1.071
2004-09-15,1.0729
2004-09-16,1.0785
2004-09-17,1.0961
2004-09-20,1.127
2004-09-21,1.1668
2004-09-22,1.19
2004-09-23,1.2045
2004-09-24,1.2103
2004-09-27,1.2115
2004-09-28,1.2151
2004-09-29,1.2275
2004-09-30,1.243
2004-10-01,1.2555
2004-10-04,1.2646
2004-10-05,1.2775
2004-10-06,1.3093
2004-10-07,1.3322
2004-10-08,1.3362
2004-10-11,1.3177
2004-10-12,1.2782
2004-10-13,1.2481
2004-10-14,1.3059
2004-10-15,1.4212
2004-10-18,1.5992
2004-10-19,1.7981
2004-10-20,1.9965
2004-10-21,2.1871
2004-10-22,2.3494
2004-10-25,2.4823
2004-10-26,2.5909
2004-10-27,2.7097
2004-10-28,2.8528
2004-10-29,3.0004
2004-11-01,3.1371
2004-11-02,3.2694
2004-11-03,3.4134
2004-11-04,3.5356
2004-11-05,3.6341
2004-11-08,3.6989
2004-11-09,3.7254
2004-11-10,3.7292
2004-11-11,3.7189
2004-11-12,3.6949
2004-11-15,3.6511
2004-11-16,3.584
2004-11-17,3.497
2004-11-18,3.4021
2004-11-19,3.2958
2004-11-22,3.2791
2004-11-23,3.3106
2004-11-24,3.4075
2004-11-26,3.5406
2004-11-29,3.7433
2004-11-30,3.9484
2004-12-01,4.147
2004-12-02,4.2804
2004-12-03,4.316
2004-12-06,4.328
2004-12-07,4.2685
2004-12-08,4.1639
2004-12-09,4.0384
2004-12-10,3.9155
2004-12-13,3.7881
2004-12-14,3.6619
2004-12-15,3.5343
2004-12-16,3.4257
2004-12-17,3.3013
2004-12-20,3.1298
2004-12-21,2.9461
2004-12-22,2.7586
2004-12-23,2.5764
2004-12-27,2.3877
2004-12-28,2.2156
2004-12-29,2.0621
2004-12-30,1.9292
2004-12-31,1.8055
2005-01-03,1.6723
2005-01-04,1.5465
2005-01-05,1.4375
2005-01-06,1.3422
2005-01-07,1.3324
2005-01-10,1.3691
2005-01-11,1.3596
2005-01-12,1.333
2005-01-13,1.3632
2005-01-14,1.4308
2005-01-18,1.5221
2005-01-19,1.6078
2005-01-20,1.691
2005-01-21,1.765
2005-01-24,1.8296
2005-01-25,1.9013
2005-01-26,1.9725
2005-01-27,2.0415
2005-01-28,2.1222
2005-01-31,2.2477
2005-02-01,2.3997
2005-02-02,2.5883
2005-02-03,2.7551
2005-02-04,2.9096
2005-02-07,3.0432
2005-02-08,3.1811
2005-02-09,3.2728
2005-02-10,3.3171
2005-02-11,3.3674
2005-02-14,3.4656
2005-02-15,3.6411
2005-02-16,3.8751
2005-02-17,4.0875
2005-02-18,4.2501
2005-02-22,4.3389
2005-02-23,4.4139
2005-02-24,4.4774
2005-02-25,4.5211
2005-02-28,3.8357
2005-03-01,2.7148
2005-03-02,1.3675
2005-03-03,-0.0915
2005-03-04,-1.5274
2005-03-07,-2.8712
2005-03-08,-4.1155
2005-03-09,-5.2418
2005-03-10,-6.2155
2005-03-11,-7.0212
2005-03-14,-7.6627
2005-03-15,-8.1399
2005-03-16,-8.467
2005-03-17,-8.6466
2005-03-18,-8.6933
2005-03-21,-8.6225
2005-03-22,-8.4762
2005-03-23,-8.2752
2005-03-24,-8.0325
2005-03-28,-7.7576
2005-03-29,-7.4716
2005-03-30,-7.16
2005-03-31,-6.8503
2005-04-01,-6.5548
2005-04-04,-6.2657
2005-04-05,-5.9686
2005-04-06,-5.6615
2005-04-07,-5.3317
2005-04-08,-4.99
2005-04-11,-4.6763
2005-04-12,-4.3742
2005-04-13,-4.111
2005-04-14,-3.937
2005-04-15,-3.8496
2005-04-18,-3.8078
2005-04-19,-3.7647
2005-04-20,-3.7398
2005-04-21,-3.6929
2005-04-22,-3.6526
2005-04-25,-3.5864
2005-04-26,-3.5121
2005-04-27,-3.4322
2005-04-28,-3.3519
2005-04-29,-3.2595
2005-05-02,-3.1511
2005-05-03,-3.0347
2005-05-04,-2.8973
2005-05-05,-2.7551
2005-05-06,-2.6019
2005-05-09,-2.4483
2005-05-10,-2.3058
2005-05-11,-2.1852
2005-05-12,-2.1034
2005-05-13,-2.0352
2005-05-16,-1.962
2005-05-17,-1.8881
2005-05-18,-1.8056
2005-05-19,-1.6906
2005-05-20,-1.5576
2005-05-23,-1.3813
2005-05-24,-1.185
2005-05-25,-0.9824
2005-05-26,-0.769
2005-05-27,-0.5611
2005-05-31,-0.379
2005-06-01,-0.2132
2005-06-02,-0.0699
2005-06-03,0.0231
2005-06-06,0.0747
2005-06-07,0.0754
2005-06-08,0.05
2005-06-09,0.0212
2005-06-10,-0.0378
2005-06-13,-0.1109
2005-06-14,-0.1873
2005-06-15,-0.2432
2005-06-16,-0.2693
2005-06-17,-0.2695
2005-06-20,-0.2639
2005-06-21,-0.2504
2005-06-22,-0.2211
2005-06-23,-0.1775
2005-06-24,-0.1449
2005-06-27,-0.131
2005-06-28,-0.126
2005-06-29,-0.1414
2005-06-30,-0.1616
2005-07-01,-0.1883
2005-07-05,-0.1936
2005-07-06,-0.1941
2005-07-07,-0.1874
2005-07-08,-0.1662
2005-07-11,-0.1391
2005-07-12,-0.107
2005-07-13,-0.0716
2005-07-14,0.0025
2005-07-15,0.1098
2005-07-18,0.231
2005-07-19,0.3812
2005-07-20,0.5478
2005-07-21,0.7093
2005-07-22,0.8688
2005-07-25,1.0138
2005-07-26,1.1368
2005-07-27,1.2428
2005-07-28,1.3267
2005-07-29,1.371
2005-08-01,1.3865
2005-08-02,1.3872
2005-08-03,1.3757
2005-08-04,1.3461
2005-08-05,1.3079
2005-08-08,1.258
2005-08-09,1.2192
2005-08-10,1.1796
2005-08-11,1.1487
2005-08-12,1.1558
2005-08-15,1.209
2005-08-16,1.2626
2005-08-17,1.3252
2005-08-18,1.3736
2005-08-19,1.3998
2005-08-22,1.4083
2005-08-23,1.4
2005-08-24,1.3787
2005-08-25,1.3521
2005-08-26,1.3152
2005-08-29,1.2724
2005-08-30,1.237
2005-08-31,1.2103
2005-09-01,1.1776
2005-09-02,1.1396
2005-09-06,1.1389
2005-09-07,1.1569
2005-09-08,1.2008
2005-09-09,1.2802
2005-09-12,1.3762
2005-09-13,1.4653
2005-09-14,1.5226
2005-09-15,1.5577
2005-09-16,1.5949
2005-09-19,1.6506
2005-09-20,1.7201
2005-09-21,1.7733
2005-09-22,1.8062
2005-09-23,1.8413
2005-09-26,1.8819
2005-09-27,1.9131
2005-09-28,1.8948
2005-09-29,1.8623
2005-09-30,1.8385
2005-10-03,1.8305
2005-10-04,1.8177
2005-10-05,1.7829
2005-10-06,1.7148
2005-10-07,1.6191
2005-10-10,1.4927
2005-10-11,1.3696
2005-10-12,1.2147
2005-10-13,1.1168
2005-10-14,1.0613
2005-10-17,1.0241
2005-10-18,0.9782
2005-10-19,0.9706
2005-10-20,1.0044
2005-10-21,1.0524
2005-10-24,1.1224
2005-10-25,1.189
2005-10-26,1.262
2005-10-27,1.3066
2005-10-28,1.313
2005-10-31,1.3419
2005-11-01,1.3789
2005-11-02,1.4551
2005-11-03,1.5787
2005-11-04,1.7108
2005-11-07,1.8228
2005-11-08,1.9069
2005-11-09,1.9681
2005-11-10,2.0243
2005-11-11,2.0755
2005-11-14,2.1148
2005-11-15,2.153
2005-11-16,2.2261
2005-11-17,2.3055
2005-11-18,2.3799
2005-11-21,2.4483
2005-11-22,2.5286
2005-11-23,2.6158
2005-11-25,2.7325
2005-11-28,2.8603
2005-11-29,2.957
2005-11-30,3.018
2005-12-01,3.1067
2005-12-02,3.2176
2005-12-05,3.3163
2005-12-06,3.4302
2005-12-07,3.5383
2005-12-08,3.631
2005-12-09,3.705
2005-12-12,3.7641
2005-12-13,3.8034
2005-12-14,3.7721
2005-12-15,3.6924
2005-12-16,3.561
2005-12-19,3.4002
2005-12-20,3.2334
2005-12-21,3.0864
2005-12-22,2.9607
2005-12-23,2.8376
2005-12-27,2.73
2005-12-28,2.6212
2005-12-29,2.4774
2005-12-30,2.3207
2006-01-03,2.2043
2006-01-04,2.1179
2006-01-05,2.0405
2006-01-06,1.9989
2006-01-09,1.9732
2006-01-10,2.0312
2006-01-11,2.1824
2006-01-12,2.3855
2006-01-13,2.6256
2006-01-17,2.8563
2006-01-18,3.0272
2006-01-19,3.0896
2006-01-20,3.0266
2006-01-23,2.9067
2006-01-24,2.7247
2006-01-25,2.4779
2006-01-26,2.1679
2006-01-27,1.8247
2006-01-30,1.522
2006-01-31,1.2652
2006-02-01,1.0463
2006-02-02,0.8073
2006-02-03,0.5624
2006-02-06,0.2527
2006-02-07,-0.0771
2006-02-08,-0.3827
2006-02-09,-0.7179
2006-02-10,-1.0148
2006-02-13,-1.3112
2006-02-14,-1.542
2006-02-15,-1.6909
2006-02-16,-1.7554
2006-02-17,-1.7639
2006-02-21,-1.7522
2006-02-22,-1.6888
2006-02-23,-1.5856
2006-02-24,-1.4637
2006-02-27,-1.3409
2006-02-28,-1.2606
2006-03-01,-1.1986
2006-03-02,-1.1405
2006-03-03,-1.1154
2006-03-06,-1.1455
2006-03-07,-1.1927
2006-03-08,-1.2559
2006-03-09,-1.3506
2006-03-10,-1.4686
2006-03-13,-1.5521
2006-03-14,-1.5799
2006-03-15,-1.5851
2006-03-16,-1.6028
2006-03-17,-1.6183
2006-03-20,-1.6385
2006-03-21,-1.6917
2006-03-22,-1.7612
2006-03-23,-1.8572
2006-03-24,-1.9639
2006-03-27,-2.0744
2006-03-28,-2.1894
2006-03-29,-2.2386
2006-03-30,-2.232
2006-03-31,-2.1863
2006-04-03,-2.1146
2006-04-04,-2.0492
2006-04-05,-1.89
2006-04-06,-1.6119
2006-04-07,-1.2932
2006-04-10,-0.9807
2006-04-11,-0.6972
2006-04-12,-0.4654
2006-04-13,-0.2811
2006-04-17,-0.1619
2006-04-18,-0.067
2006-04-19,-0.0012
2006-04-20,0.0745
2006-04-21,0.1428
2006-04-24,0.182
2006-04-25,0.2073
2006-04-26,0.2535
2006-04-27,0.3292
2006-04-28,0.4351
2006-05-01,0.5408
2006-05-02,0.6718
2006-05-03,0.8026
2006-05-04,0.9244
2006-05-05,1.0443
2006-05-08,1.1542
2006-05-09,1.2358
2006-05-10,1.2858
2006-05-11,1.2712
2006-05-12,1.2068
2006-05-15,1.1133
2006-05-16,0.9591
2006-05-17,0.7773
2006-05-18,0.5526
2006-05-19,0.3329
2006-05-22,0.1089
2006-05-23,-0.1098
2006-05-24,-0.3105
2006-05-25,-0.4729
2006-05-26,-0.6142
2006-05-30,-0.7706
2006-05-31,-0.9496
2006-06-01,-1.0929
2006-06-02,-1.2121
2006-06-05,-1.3335
2006-06-06,-1.4514
2006-06-07,-1.5761
2006-06-08,-1.6599
2006-06-09,-1.7296
2006-06-12,-1.8232
2006-06-13,-1.9014
2006-06-14,-1.973
2006-06-15,-2.004
2006-06-16,-2.0324
2006-06-19,-2.0588
2006-06-20,-2.0736
2006-06-21,-2.0693
2006-06-22,-2.0212
2006-06-23,-1.9554
2006-06-26,-1.8751
2006-06-27,-1.8104
2006-06-28,-1.7774
2006-06-29,-1.7147
2006-06-30,-1.66
2006-07-03,-1.5985
2006-07-05,-1.5475
2006-07-06,-1.5218
2006-07-07,-1.5158
2006-07-10,-1.5254
2006-07-11,-1.5304
2006-07-12,-1.5717
2006-07-13,-1.6413
2006-07-14,-1.7465
2006-07-17,-1.8373
2006-07-18,-1.9018
2006-07-19,-1.9229
2006-07-20,-1.8092
2006-07-21,-1.6093
2006-07-24,-1.3511
2006-07-25,-1.0586
2006-07-26,-0.7266
2006-07-27,-0.3931
2006-07-28,-0.0403
2006-07-31,0.344
2006-08-01,0.7147
2006-08-02,1.0714
2006-08-03,1.4211
2006-08-04,1.7241
2006-08-07,1.9608
2006-08-08,2.1002
2006-08-09,2.1475
2006-08-10,2.1375
2006-08-11,2.0804
2006-08-14,1.9967
2006-08-15,1.9362
2006-08-16,1.9134
2006-08-17,1.9049
2006-08-18,1.9065
2006-08-21,1.8886
2006-08-22,1.8718
2006-08-23,1.8475
2006-08-24,1.8236
2006-08-25,1.8119
2006-08-28,1.7762
2006-08-29,1.7152
2006-08-30,1.6454
2006-08-31,1.5841
2006-09-01,1.5362
2006-09-05,1.5453
2006-09-06,1.5628
2006-09-07,1.6254
2006-09-08,1.7048
2006-09-11,1.7863
2006-09-12,1.8629
2006-09-13,1.9532
2006-09-14,2.0425
2006-09-15,2.1206
2006-09-18,2.1794
2006-09-19,2.2163
2006-09-20,2.2561
2006-09-21,2.2808
2006-09-22,2.2632
2006-09-25,2.2588
2006-09-26,2.2873
2006-09-27,2.3107
2006-09-28,2.334
2006-09-29,2.3501
2006-10-02,2.3217
2006-10-03,2.249
2006-10-04,2.1682
2006-10-05,2.0727
2006-10-06,1.9587
2006-10-09,1.841
2006-10-10,1.71
2006-10-11,1.5643
2006-10-12,1.4458
2006-10-13,1.3436
2006-10-16,1.2598
2006-10-17,1.1715
2006-10-18,1.0861
2006-10-19,1.0756
2006-10-20,1.1256
2006-10-23,1.2323
2006-10-24,1.3597
2006-10-25,1.5002
2006-10-26,1.6465
2006-10-27,1.7564
2006-10-30,1.8339
2006-10-31,1.8935
2006-11-01,1.9037
2006-11-02,1.8753
2006-11-03,1.8088
2006-11-06,1.7405
2006-11-07,1.6834
2006-11-08,1.6635
2006-11-09,1.6783
2006-11-10,1.7068
2006-11-13,1.7581
2006-11-14,1.8273
2006-11-15,1.8849
2006-11-16,1.9527
2006-11-17,2.0227
2006-11-20,2.0958
2006-11-21,2.1962
2006-11-22,2.3306
2006-11-24,2.4951
2006-11-27,2.6308
2006-11-28,2.7716
2006-11-29,2.9017
2006-11-30,3.0094
2006-12-01,3.0852
2006-12-04,3.1267
2006-12-05,3.1399
2006-12-06,3.1045
2006-12-07,2.9889
2006-12-08,2.8417
2006-12-11,2.6839
2006-12-12,2.4798
2006-12-13,2.2982
2006-12-14,2.1271
2006-12-15,1.9534
2006-12-18,1.7468
2006-12-19,1.5398
2006-12-20,1.3152
2006-12-21,1.0587
2006-12-22,0.7821
2006-12-26,0.4945
2006-12-27,0.2142
2006-12-28,-0.0577
2006-12-29,-0.2466
2007-01-03,-0.3897
2007-01-04,-0.4659
2007-01-05,-0.5049
2007-01-08,-0.5108
2007-01-09,-0.381
2007-01-10,-0.1015
2007-01-11,0.2382
2007-01-12,0.5786
2007-01-16,0.9397
2007-01-17,1.2585
2007-01-18,1.4374
2007-01-19,1.5067
2007-01-22,1.4732
2007-01-23,1.3561
2007-01-24,1.2057
2007-01-25,1.0323
2007-01-26,0.8374
2007-01-29,0.6462
2007-01-30,0.4598
2007-01-31,0.2878
2007-02-01,0.1176
2007-02-02,-0.0429
2007-02-05,-0.2015
2007-02-06,-0.3469
2007-02-07,-0.4437
2007-02-08,-0.5035
2007-02-09,-0.5821
2007-02-12,-0.6416
2007-02-13,-0.6872
2007-02-14,-0.7107
2007-02-15,-0.7188
2007-02-16,-0.7214
2007-02-20,-0.7016
2007-02-21,-0.6145
2007-02-22,-0.4836
2007-02-23,-0.3379
2007-02-26,-0.1965
2007-02-27,-0.1402
2007-02-28,-0.1288
2007-03-01,-0.1069
2007-03-02,-0.1057
2007-03-05,-0.1026
2007-03-06,-0.0685
2007-03-07,-0.0242
2007-03-08,0.0289
2007-03-09,0.084
2007-03-12,0.1677
2007-03-13,0.2411
2007-03-14,0.3291
2007-03-15,0.4141
2007-03-16,0.4921
2007-03-19,0.5851
2007-03-20,0.6868
2007-03-21,0.8253
2007-03-22,0.9791
2007-03-23,1.1252
2007-03-26,1.2934
2007-03-27,1.4574
2007-03-28,1.5716
2007-03-29,1.653
2007-03-30,1.6925
2007-04-02,1.7115
2007-04-03,1.7265
2007-04-04,1.7304
2007-04-05,1.7299
2007-04-09,1.7062
2007-04-10,1.6749
2007-04-11,1.6102
2007-04-12,1.5178
2007-04-13,1.3785
2007-04-16,1.2328
2007-04-17,1.0708
2007-04-18,0.9053
2007-04-19,0.7422
2007-04-20,0.5987
2007-04-23,0.5141
2007-04-24,0.4654
2007-04-25,0.4743
2007-04-26,0.5734
2007-04-27,0.7399
2007-04-30,0.9363
2007-05-01,1.1337
2007-05-02,1.3334
2007-05-03,1.5213
2007-05-04,1.695
2007-05-07,1.8965
2007-05-08,2.1186
2007-05-09,2.3663
2007-05-10,2.6189
2007-05-11,2.8778
2007-05-14,3.1304
2007-05-15,3.3292
2007-05-16,3.4735
2007-05-17,3.6017
2007-05-18,3.714
2007-05-21,3.8334
2007-05-22,3.967
2007-05-23,4.0832
2007-05-24,4.138
2007-05-25,4.1886
2007-05-29,4.2362
2007-05-30,4.3402
2007-05-31,4.5029
2007-06-01,4.6389
2007-06-04,4.7874
2007-06-05,4.9463
2007-06-06,5.1077
2007-06-07,5.2573
2007-06-08,5.3865
2007-06-11,5.4151
2007-06-12,5.37
2007-06-13,5.2228
2007-06-14,5.0274
2007-06-15,4.8285
2007-06-18,4.7
2007-06-19,4.5888
2007-06-20,4.4503
2007-06-21,4.3292
2007-06-22,4.2011
2007-06-25,4.0553
2007-06-26,3.8539
2007-06-27,3.6551
2007-06-28,3.4388
2007-06-29,3.2386
2007-07-02,3.0393
2007-07-03,2.9383
2007-07-05,2.9865
2007-07-06,3.1118
2007-07-09,3.2402
2007-07-10,3.3888
2007-07-11,3.5351
2007-07-12,3.691
2007-07-13,3.8948
2007-07-16,4.1149
2007-07-17,4.3373
2007-07-18,4.527
2007-07-19,4.7058
2007-07-20,4.9176
2007-07-23,5.127
2007-07-24,5.1716
2007-07-25,5.1367
2007-07-26,5.1814
2007-07-27,5.2276
2007-07-30,5.2218
2007-07-31,5.0176
2007-08-01,4.7399
2007-08-02,4.4437
2007-08-03,4.0672
2007-08-06,3.7052
2007-08-07,3.3593
2007-08-08,3.0176
2007-08-09,2.5681
2007-08-10,2.0465
2007-08-13,1.5469
2007-08-14,1.0238
2007-08-15,0.4451
2007-08-16,-0.1845
2007-08-17,-0.7327
2007-08-20,-1.1969
2007-08-21,-1.4961
2007-08-22,-1.5939
2007-08-23,-1.5797
2007-08-24,-1.4249
2007-08-27,-1.2356
2007-08-28,-1.1184
2007-08-29,-0.9341
2007-08-30,-0.6807
2007-08-31,-0.3601
2007-09-04,0.0772
2007-09-05,0.4465
2007-09-06,0.7249
2007-09-07,0.8784
2007-09-10,1.0223
2007-09-11,1.1309
2007-09-12,1.2309
2007-09-13,1.3229
2007-09-14,1.4278
2007-09-17,1.5256
2007-09-18,1.6504
2007-09-19,1.7795
2007-09-20,1.8931
2007-09-21,2.0479
2007-09-24,2.2818
2007-09-25,2.6258
2007-09-26,3.0084
2007-09-27,3.4158
2007-09-28,3.7932
2007-10-01,4.1691
2007-10-02,4.5486
2007-10-03,4.8916
2007-10-04,5.1558
2007-10-05,5.4281
2007-10-08,5.7819
2007-10-09,6.1543
2007-10-10,6.4877
2007-10-11,6.6917
2007-10-12,6.8688
2007-10-15,6.9996
2007-10-16,7.1202
2007-10-17,7.2623
2007-10-18,7.406
2007-10-19,7.477
2007-10-22,7.5446
2007-10-23,7.7776
2007-10-24,8.0807
2007-10-25,8.3431
2007-10-26,8.5778
2007-10-29,8.7696
2007-10-30,8.935
2007-10-31,9.1017
2007-11-01,9.1998
2007-11-02,9.2357
2007-11-05,9.1826
2007-11-06,9.1452
2007-11-07,9.0111
2007-11-08,8.63
2007-11-09,7.9334
2007-11-12,6.8721
2007-11-13,5.8809
2007-11-14,4.9105
2007-11-15,3.9641
2007-11-16,3.1067
2007-11-19,2.3039
2007-11-20,1.6503
2007-11-21,1.1147
2007-11-23,0.7275
2007-11-26,0.4681
2007-11-27,0.3375
2007-11-28,0.3799
2007-11-29,0.5927
2007-11-30,0.8668
2007-12-03,1.1092
2007-12-04,1.3319
2007-12-05,1.6181
2007-12-06,1.9965
2007-12-07,2.4778
2007-12-10,2.9911
2007-12-11,3.4004
2007-12-12,3.7522
2007-12-13,4.0566
2007-12-14,4.283
2007-12-17,4.3433
2007-12-18,4.2638
2007-12-19,4.0934
2007-12-20,3.9309
2007-12-21,3.8797
2007-12-24,3.9702
2007-12-26,4.1381
2007-12-27,4.3302
2007-12-28,4.5377
2007-12-31,4.7056
2008-01-02,4.7775
2008-01-03,4.7761
2008-01-04,4.4804
2008-01-07,3.9672
2008-01-08,3.2335
2008-01-09,2.5227
2008-01-10,1.8359
2008-01-11,1.1107
2008-01-14,0.4943
2008-01-15,-0.1783
2008-01-16,-1.0003
2008-01-17,-1.8507
2008-01-18,-2.6626
2008-01-22,-3.4929
2008-01-23,-4.5477
2008-01-24,-5.7329
2008-01-25,-7.0139
2008-01-28,-8.2716
2008-01-29,-9.4057
2008-01-30,-10.3712
2008-01-31,-11.106
2008-02-01,-11.658
2008-02-04,-12.0735
2008-02-05,-12.3907
2008-02-06,-12.7188
2008-02-07,-13.0197
2008-02-08,-13.1904
2008-02-11,-13.1771
2008-02-12,-13.0925
2008-02-13,-12.8653
2008-02-14,-12.5623
2008-02-15,-12.2442
2008-02-19,-11.9444
2008-02-20,-11.6185
2008-02-21,-11.3031
2008-02-22,-11.0184
2008-02-25,-10.7381
2008-02-26,-10.4604
2008-02-27,-10.1141
2008-02-28,-9.6091
2008-02-29,-9.0871
2008-03-03,-8.6138
2008-03-04,-8.1299
2008-03-05,-7.6483
2008-03-06,-7.2329
2008-03-07,-6.843
2008-03-10,-6.515
2008-03-11,-6.1057
2008-03-12,-5.6742
2008-03-13,-5.208
2008-03-14,-4.7538
2008-03-17,-4.3181
2008-03-18,-3.81
2008-03-19,-3.3246
2008-03-20,-2.8139
2008-03-24,-2.2078
2008-03-25,-1.5456
2008-03-26,-0.8142
2008-03-27,-0.1528
2008-03-28,0.4745
2008-03-31,1.0544
2008-04-01,1.6678
2008-04-02,2.2338
2008-04-03,2.801
2008-04-04,3.3564
2008-04-07,3.9123
2008-04-08,4.3819
2008-04-09,4.7405
2008-04-10,5.0495
2008-04-11,5.1815
2008-04-14,5.194
2008-04-15,5.1287
2008-04-16,5.0912
2008-04-17,5.0742
2008-04-18,5.1638
2008-04-21,5.4174
2008-04-22,5.6211
2008-04-23,5.8129
2008-04-24,6.0706
2008-04-25,6.3548
2008-04-28,6.6662
2008-04-29,7.0081
2008-04-30,7.3175
2008-05-01,7.6703
2008-05-02,8.0293
2008-05-05,8.4155
2008-05-06,8.8101
2008-05-07,9.1043
2008-05-08,9.3388
2008-05-09,9.4766
2008-05-12,9.6002
2008-05-13,9.7151
2008-05-14,9.7375
2008-05-15,9.7338
2008-05-16,9.6581
2008-05-19,9.4552
2008-05-20,9.1983
2008-05-21,8.777
2008-05-22,8.2365
2008-05-23,7.6967
2008-05-27,7.252
2008-05-28,6.8829
2008-05-29,6.5598
2008-05-30,6.3003
2008-06-02,6.0377
2008-06-03,5.7614
2008-06-04,5.4752
2008-06-05,5.2528
2008-06-06,5.0096
2008-06-09,4.6905
2008-06-10,4.3941
2008-06-11,4.0404
2008-06-12,3.5397
2008-06-13,2.9507
2008-06-16,2.402
2008-06-17,1.975
2008-06-18,1.5994
2008-06-19,1.3064
2008-06-20,0.9877
2008-06-23,0.6337
2008-06-24,0.2761
2008-06-25,0.0004
2008-06-26,-0.3551
2008-06-27,-0.7121
2008-06-30,-1.0919
2008-07-01,-1.348
2008-07-02,-1.614
2008-07-03,-1.8374
2008-07-07,-1.9379
2008-07-08,-1.8817
2008-07-09,-1.8104
2008-07-10,-1.6913
2008-07-11,-1.6092
2008-07-14,-1.5303
2008-07-15,-1.5216
2008-07-16,-1.5034
2008-07-17,-1.4926
2008-07-18,-1.59
2008-07-21,-1.7282
2008-07-22,-1.949
2008-07-23,-2.1378
2008-07-24,-2.4072
2008-07-25,-2.6582
2008-07-28,-3.0016
2008-07-29,-3.3353
2008-07-30,-3.5932
2008-07-31,-3.7967
2008-08-01,-3.9833
2008-08-04,-4.1952
2008-08-05,-4.2841
2008-08-06,-4.2247
2008-08-07,-4.0759
2008-08-08,-3.774
2008-08-11,-3.3195
2008-08-12,-2.7351
2008-08-13,-2.0525
2008-08-14,-1.3393
2008-08-15,-0.6982
2008-08-18,-0.1401
2008-08-19,0.3076
2008-08-20,0.6986
2008-08-21,1.0073
2008-08-22,1.2858
2008-08-25,1.4603
2008-08-26,1.5744
2008-08-27,1.6576
2008-08-28,1.6984
2008-08-29,1.6394
2008-09-02,1.464
2008-09-03,1.2338
2008-09-04,0.8869
2008-09-05,0.4664
2008-09-08,-0.0153
2008-09-09,-0.6096
2008-09-10,-1.2431
2008-09-11,-1.8485
2008-09-12,-2.4595
2008-09-15,-3.1733
2008-09-16,-3.9146
2008-09-17,-4.8175
2008-09-18,-5.6635
2008-09-19,-6.3078
2008-09-22,-6.9349
2008-09-23,-7.5697
2008-09-24,-8.1288
2008-09-25,-8.5414
2008-09-26,-8.88
2008-09-29,-9.5007
2008-09-30,-10.1101
2008-10-01,-10.7298
2008-10-02,-11.443
2008-10-03,-12.1996
2008-10-06,-12.899
2008-10-07,-13.6396
2008-10-08,-14.3261
2008-10-09,-14.9269
2008-10-10,-15.2797
2008-10-13,-15.2092
2008-10-14,-14.9408
2008-10-15,-14.6264
2008-10-16,-14.2033
2008-10-17,-13.7735
2008-10-20,-13.3141
2008-10-21,-12.9408
2008-10-22,-12.5257
2008-10-23,-12.0558
2008-10-24,-11.5784
2008-10-27,-11.1632
2008-10-28,-10.6587
2008-10-29,-10.0262
2008-10-30,-9.2204
2008-10-31,-8.3821
2008-11-03,-7.5584
2008-11-04,-6.7055
2008-11-05,-5.9864
2008-11-06,-5.4423
2008-11-07,-5.0376
2008-11-10,-4.7677
2008-11-11,-4.6033
2008-11-12,-4.5774
2008-11-13,-4.5283
2008-11-14,-4.5559
2008-11-17,-4.6532
2008-11-18,-4.7502
2008-11-19,-4.889
2008-11-20,-5.128
2008-11-21,-5.3723
2008-11-24,-5.4293
2008-11-25,-5.388
2008-11-26,-5.2079
2008-11-28,-4.9756
2008-12-01,-4.771
2008-12-02,-4.5271
2008-12-03,-4.2065
2008-12-04,-3.9165
2008-12-05,-3.6107
2008-12-08,-3.2116
2008-12-09,-2.7621
2008-12-10,-2.3278
2008-12-11,-1.9718
2008-12-12,-1.6267
2008-12-15,-1.3592
2008-12-16,-1.1402
2008-12-17,-1.0607
2008-12-18,-1.0659
2008-12-19,-1.1125
2008-12-22,-1.248
2008-12-23,-1.4191
2008-12-24,-1.6217
2008-12-26,-1.8174
2008-12-29,-1.9816
2008-12-30,-2.118
2008-12-31,-2.2401
2009-01-02,-2.2556
2009-01-05,-2.1371
2009-01-06,-1.9609
2009-01-07,-1.7853
2009-01-08,-1.5884
2009-01-09,-1.4186
2009-01-12,-1.302
2009-01-13,-1.2372
2009-01-14,-1.2433
2009-01-15,-1.3218
2009-01-16,-1.4554
2009-01-20,-1.679
2009-01-21,-1.8697
2009-01-22,-1.9372
2009-01-23,-1.9195
2009-01-26,-1.8247
2009-01-27,-1.6648
2009-01-28,-1.4134
2009-01-29,-1.1338
2009-01-30,-0.8943
2009-02-02,-0.6685
2009-02-03,-0.4381
2009-02-04,-0.2069
2009-02-05,0.0597
2009-02-06,0.3863
2009-02-09,0.7771
2009-02-10,1.1112
2009-02-11,1.3735
2009-02-12,1.6131
2009-02-13,1.8205
2009-02-17,1.9188
2009-02-18,1.9366
2009-02-19,1.8391
2009-02-20,1.6792
2009-02-23,1.4169
2009-02-24,1.1537
2009-02-25,0.9155
2009-02-26,0.672
2009-02-27,0.4383
2009-03-02,0.2002
2009-03-03,-0.0219
2009-03-04,-0.1775
2009-03-05,-0.32
2009-03-06,-0.5027
2009-03-09,-0.7347
2009-03-10,-0.8958
2009-03-11,-0.9373
2009-03-12,-0.841
2009-03-13,-0.6681
2009-03-16,-0.4629
2009-03-17,-0.1795
2009-03-18,0.1681
2009-03-19,0.539
2009-03-20,0.9033
2009-03-23,1.3392
2009-03-24,1.7808
2009-03-25,2.1933
2009-03-26,2.6149
2009-03-27,2.966
2009-03-30,3.21
2009-03-31,3.3769
2009-04-01,3.536
2009-04-02,3.7379
2009-04-03,3.9998
2009-04-06,4.3158
2009-04-07,4.5843
2009-04-08,4.8194
2009-04-09,5.0623
2009-04-13,5.2961
2009-04-14,5.4693
2009-04-15,5.5724
2009-04-16,5.6743
2009-04-17,5.7885
2009-04-20,5.8446
2009-04-21,5.8682
2009-04-22,5.8529
2009-04-23,5.8626
2009-04-24,5.8502
2009-04-27,5.8246
2009-04-28,5.7655
2009-04-29,5.6951
2009-04-30,5.6194
2009-05-01,5.554
2009-05-04,5.5629
2009-05-05,5.6154
2009-05-06,5.6763
2009-05-07,5.6716
2009-05-08,5.615
2009-05-11,5.5222
2009-05-12,5.3168
2009-05-13,4.9608
2009-05-14,4.573
2009-05-15,4.1667
2009-05-18,3.8281
2009-05-19,3.5538
2009-05-20,3.3007
2009-05-21,3.0398
2009-05-22,2.7539
2009-05-26,2.5932
2009-05-27,2.5496
2009-05-28,2.6082
2009-05-29,2.7336
2009-06-01,2.9446
2009-06-02,3.1936
2009-06-03,3.4695
2009-06-04,3.7843
2009-06-05,4.1133
2009-06-08,4.4114
2009-06-09,4.6465
2009-06-10,4.7797
2009-06-11,4.8265
2009-06-12,4.758
2009-06-15,4.596
2009-06-16,4.3776
2009-06-17,4.113
2009-06-18,3.8287
2009-06-19,3.5957
2009-06-22,3.3652
2009-06-23,3.0871
2009-06-24,2.8219
2009-06-25,2.6304
2009-06-26,2.5303
2009-06-29,2.4794
2009-06-30,2.4638
2009-07-01,2.4718
2009-07-02,2.4438
2009-07-06,2.3665
2009-07-07,2.2059
2009-07-08,2.0254
2009-07-09,1.8237
2009-07-10,1.6494
2009-07-13,1.5587
2009-07-14,1.5205
2009-07-15,1.5873
2009-07-16,1.7229
2009-07-17,1.9582
2009-07-20,2.2576
2009-07-21,2.5541
2009-07-22,2.9108
2009-07-23,3.2971
2009-07-24,3.7088
2009-07-27,4.1082
2009-07-28,4.4679
2009-07-29,4.7743
2009-07-30,5.0643
2009-07-31,5.3269
2009-08-03,5.5949
2009-08-04,5.8254
2009-08-05,6.0
2009-08-06,6.0977
2009-08-07,6.1536
2009-08-10,6.1538
2009-08-11,6.0749
2009-08-12,5.9763
2009-08-13,5.9064
2009-08-14,5.8187
2009-08-17,5.5963
2009-08-18,5.3588
2009-08-19,5.1217
2009-08-20,4.9131
2009-08-21,4.7683
2009-08-24,4.6577
2009-08-25,4.569
2009-08-26,4.4566
2009-08-27,4.3576
2009-08-28,4.2718
2009-08-31,4.1598
2009-09-01,3.9812
2009-09-02,3.7593
2009-09-03,3.5351
2009-09-04,3.3733
2009-09-08,3.2931
2009-09-09,3.2322
2009-09-10,3.2019
2009-09-11,3.1786
2009-09-14,3.1787
2009-09-15,3.2091
2009-09-16,3.3566
2009-09-17,3.605
2009-09-18,3.9028
2009-09-21,4.1911
2009-09-22,4.4562
2009-09-23,4.6989
2009-09-24,4.8774
2009-09-25,4.9719
2009-09-28,5.058
2009-09-29,5.1103
2009-09-30,5.1267
2009-10-01,5.0363
2009-10-02,4.9368
2009-10-05,4.8434
2009-10-06,4.8113
2009-10-07,4.8121
2009-10-08,4.807
2009-10-09,4.8066
2009-10-12,4.8036
2009-10-13,4.7756
2009-10-14,4.7428
2009-10-15,4.6862
2009-10-16,4.567
2009-10-19,4.4333
2009-10-20,4.4293
2009-10-21,4.595
2009-10-22,4.8525
2009-10-23,5.1227
2009-10-26,5.3519
2009-10-27,5.4495
2009-10-28,5.3679
2009-10-29,5.229
2009-10-30,4.9243
2009-11-02,4.5334
2009-11-03,4.0897
2009-11-04,3.6596
2009-11-05,3.3037
2009-11-06,3.0104
2009-11-09,2.8783
2009-11-10,2.872
2009-11-11,2.9426
2009-11-12,3.0309
2009-11-13,3.158
2009-11-16,3.3303
2009-11-17,3.5203
2009-11-18,3.6867
2009-11-19,3.7343
2009-11-20,3.687
2009-11-23,3.6694
2009-11-24,3.64
2009-11-25,3.5924
2009-11-27,3.4704
2009-11-30,3.2893
2009-12-01,3.0262
2009-12-02,2.7069
2009-12-03,2.3669
2009-12-04,1.9759
2009-12-07,1.4993
2009-12-08,1.0052
2009-12-09,0.6503
2009-12-10,0.3779
2009-12-11,0.1425
2009-12-14,-0.0207
2009-12-15,-0.175
2009-12-16,-0.3015
2009-12-17,-0.4538
2009-12-18,-0.5563
2009-12-21,-0.5763
2009-12-22,-0.5082
2009-12-23,-0.3596
2009-12-24,-0.0567
2009-12-28,0.3681
2009-12-29,0.8062
2009-12-30,1.2683
2009-12-31,1.7039
2010-01-04,2.1484
2010-01-05,2.5762
2010-01-06,2.9109
2010-01-07,3.1568
2010-01-08,3.3493
2010-01-11,3.4607
2010-01-12,3.4695
2010-01-13,3.4524
2010-01-14,3.3925
2010-01-15,3.2454
2010-01-19,3.1894
2010-01-20,3.1331
2010-01-21,3.0143
2010-01-22,2.6909
2010-01-25,2.3351
2010-01-26,2.018
2010-01-27,1.7682
2010-01-28,1.4325
2010-01-29,0.942
2010-02-01,0.4207
2010-02-02,-0.0756
2010-02-03,-0.4763
2010-02-04,-0.9095
2010-02-05,-1.2839
2010-02-08,-1.6203
2010-02-09,-1.8784
2010-02-10,-2.0869
2010-02-11,-2.1919
2010-02-12,-2.1941
2010-02-16,-2.0788
2010-02-17,-1.9045
2010-02-18,-1.6921
2010-02-19,-1.4832
2010-02-22,-1.304
2010-02-23,-1.2034
2010-02-24,-1.0973
2010-02-25,-0.9692
2010-02-26,-0.7902
2010-03-01,-0.517
2010-03-02,-0.2002
2010-03-03,0.1354
2010-03-04,0.4869
2010-03-05,0.9603
2010-03-08,1.4853
2010-03-09,2.0744
2010-03-10,2.6972
2010-03-11,3.3129
2010-03-12,3.9018
2010-03-15,4.3901
2010-03-16,4.7895
2010-03-17,5.0961
2010-03-18,5.3253
2010-03-19,5.4434
2010-03-22,5.5134
2010-03-23,5.5944
2010-03-24,5.6815
2010-03-25,5.7115
2010-03-26,5.7589
2010-03-29,5.8254
2010-03-30,5.9423
2010-03-31,6.0575
2010-04-01,6.1673
2010-04-05,6.2942
2010-04-06,6.4275
2010-04-07,6.56
2010-04-08,6.6599
2010-04-09,6.7482
2010-04-12,6.8173
2010-04-13,6.8573
2010-04-14,6.9134
2010-04-15,7.0125
2010-04-16,7.093
2010-04-19,7.1363
2010-04-20,7.0981
2010-04-21,7.2281
2010-04-22,7.5559
2010-04-23,8.0428
2010-04-26,8.5644
2010-04-27,8.9418
2010-04-28,9.1817
2010-04-29,9.4142
2010-04-30,9.488
2010-05-03,9.5207
2010-05-04,9.3819
2010-05-05,9.0784
2010-05-06,8.6668
2010-05-07,7.8684
2010-05-10,7.1406
2010-05-11,6.5194
2010-05-12,6.0716
2010-05-13,5.6826
2010-05-14,5.2654
2010-05-17,4.8468
2010-05-18,4.4086
2010-05-19,3.9069
2010-05-20,3.2139
2010-05-21,2.5028
2010-05-24,1.8828
2010-05-25,1.3235
2010-05-26,0.8109
2010-05-27,0.4999
2010-05-28,0.3869
2010-06-01,0.4659
2010-06-02,0.7099
2010-06-03,1.0297
2010-06-04,1.2637
2010-06-07,1.3486
2010-06-08,1.3068
2010-06-09,1.0871
2010-06-10,0.8815
2010-06-11,0.7413
2010-06-14,0.6602
2010-06-15,0.7051
2010-06-16,0.9456
2010-06-17,1.3677
2010-06-18,1.9136
2010-06-21,2.4417
2010-06-22,2.9842
2010-06-23,3.4545
2010-06-24,3.8156
2010-06-25,4.0439
2010-06-28,4.1933
2010-06-29,4.0824
2010-06-30,3.7308
2010-07-01,3.1896
2010-07-02,2.5261
2010-07-06,1.8419
2010-07-07,1.3365
2010-07-08,0.9575
2010-07-09,0.6998
2010-07-12,0.4927
2010-07-13,0.2396
2010-07-14,-0.0148
2010-07-15,-0.277
2010-07-16,-0.5545
2010-07-19,-0.8947
2010-07-20,-1.1536
2010-07-21,-1.3079
2010-07-22,-1.3092
2010-07-23,-1.1969
2010-07-26,-1.0272
2010-07-27,-0.7515
2010-07-28,-0.4717
2010-07-29,-0.2486
2010-07-30,-0.0858
2010-08-02,0.1043
2010-08-03,0.3025
2010-08-04,0.5116
2010-08-05,0.6948
2010-08-06,0.825
2010-08-09,0.9397
2010-08-10,0.9992
2010-08-11,0.8717
2010-08-12,0.6571
2010-08-13,0.3548
2010-08-16,-0.0107
2010-08-17,-0.3276
2010-08-18,-0.5791
2010-08-19,-0.8261
2010-08-20,-1.0591
2010-08-23,-1.3301
2010-08-24,-1.7012
2010-08-25,-2.0646
2010-08-26,-2.4411
2010-08-27,-2.779
2010-08-30,-3.0547
2010-08-31,-3.2604
2010-09-01,-3.2886
2010-09-02,-3.1673
2010-09-03,-2.8462
2010-09-07,-2.4254
2010-09-08,-1.8771
2010-09-09,-1.2711
2010-09-10,-0.6523
2010-09-13,0.0015
2010-09-14,0.6593
2010-09-15,1.3179
2010-09-16,2.0409
2010-09-17,2.7426
2010-09-20,3.5132
2010-09-21,4.2873
2010-09-22,5.0767
2010-09-23,5.8414
2010-09-24,6.5915
2010-09-27,7.2596
2010-09-28,7.7562
2010-09-29,8.1095
2010-09-30,8.2784
2010-10-01,8.2844
2010-10-04,8.1071
2010-10-05,7.9701
2010-10-06,7.8513
2010-10-07,7.7328
2010-10-08,7.6804
2010-10-11,7.6753
2010-10-12,7.7334
2010-10-13,7.8358
2010-10-14,7.9775
2010-10-15,8.3165
2010-10-18,8.7945
2010-10-19,9.1787
2010-10-20,9.4796
2010-10-21,9.6748
2010-10-22,9.7388
2010-10-25,9.7169
2010-10-26,9.6075
2010-10-27,9.4236
2010-10-28,9.1399
2010-10-29,8.7196
2010-11-01,8.267
2010-11-02,7.8817
2010-11-03,7.5956
2010-11-04,7.4567
2010-11-05,7.3821
2010-11-08,7.3587
2010-11-09,7.3114
2010-11-10,7.2659
2010-11-11,7.1855
2010-11-12,6.9335
2010-11-15,6.5554
2010-11-16,6.0162
2010-11-17,5.3734
2010-11-18,4.8134
2010-11-19,4.2968
2010-11-22,3.9302
2010-11-23,3.5942
2010-11-24,3.3836
2010-11-26,3.258
2010-11-29,3.2148
2010-11-30,3.1269
2010-12-01,3.0923
2010-12-02,3.1137
2010-12-03,3.1506
2010-12-06,3.2315
2010-12-07,3.2973
2010-12-08,3.3874
2010-12-09,3.4602
2010-12-10,3.5234
2010-12-13,3.5869
2010-12-14,3.617
2010-12-15,3.6176
2010-12-16,3.6055
2010-12-17,3.5677
2010-12-20,3.5331
2010-12-21,3.5262
2010-12-22,3.5442
2010-12-23,3.5439
2010-12-27,3.5412
2010-12-28,3.5418
2010-12-29,3.5334
2010-12-30,3.4858
2010-12-31,3.3906
2011-01-03,3.3747
2011-01-04,3.4291
2011-01-05,3.56
2011-01-06,3.7197
2011-01-07,3.9187
2011-01-10,4.2241
2011-01-11,4.5574
2011-01-12,4.9248
2011-01-13,5.3031
2011-01-14,5.7011
2011-01-18,5.9526
2011-01-19,6.0567
2011-01-20,5.9508
2011-01-21,5.6102
2011-01-24,5.2987
2011-01-25,5.0729
2011-01-26,4.94
2011-01-27,4.8508
2011-01-28,4.6693
2011-01-31,4.4802
2011-02-01,4.377
2011-02-02,4.3119
2011-02-03,4.2501
2011-02-04,4.2328
2011-02-07,4.3205
2011-02-08,4.5125
2011-02-09,4.7968
2011-02-10,5.0553
2011-02-11,5.3094
2011-02-14,5.5726
2011-02-15,5.8264
2011-02-16,6.0992
2011-02-17,6.2788
2011-02-18,6.2527
2011-02-22,5.8941
2011-02-23,5.3965
2011-02-24,4.8297
2011-02-25,4.3224
2011-02-28,3.9498
2011-03-01,3.6098
2011-03-02,3.3448
2011-03-03,3.2518
2011-03-04,3.2709
2011-03-07,3.278
2011-03-08,3.276
2011-03-09,3.2084
2011-03-10,3.0035
2011-03-11,2.8012
2011-03-14,2.6299
2011-03-15,2.3512
2011-03-16,1.7685
2011-03-17,1.0956
2011-03-18,0.3357
2011-03-21,-0.3021
2011-03-22,-0.7989
2011-03-23,-1.2115
2011-03-24,-1.4548
2011-03-25,-1.4709
2011-03-28,-1.3582
2011-03-29,-1.1591
2011-03-30,-0.9509
2011-03-31,-0.7477
2011-04-01,-0.6195
2011-04-04,-0.5974
2011-04-05,-0.6784
2011-04-06,-0.8316
2011-04-07,-1.0197
2011-04-08,-1.2655
2011-04-11,-1.5997
2011-04-12,-1.9427
2011-04-13,-2.2092
2011-04-14,-2.468
2011-04-15,-2.7819
2011-04-18,-3.0375
2011-04-19,-3.1403
2011-04-20,-3.0623
2011-04-21,-2.7358
2011-04-25,-2.2275
2011-04-26,-1.6682
2011-04-27,-1.1067
2011-04-28,-0.6251
2011-04-29,-0.1633
2011-05-02,0.2007
2011-05-03,0.5146
2011-05-04,0.8012
2011-05-05,1.009
2011-05-06,1.1526
2011-05-09,1.261
2011-05-10,1.3681
2011-05-11,1.4304
2011-05-12,1.4474
2011-05-13,1.3352
2011-05-16,1.0298
2011-05-17,0.6623
2011-05-18,0.3332
2011-05-19,0.0552
2011-05-20,-0.2611
2011-05-23,-0.5973
2011-05-24,-0.9622
2011-05-25,-1.2506
2011-05-26,-1.5015
2011-05-27,-1.6738
2011-05-31,-1.6177
2011-06-01,-1.4548
2011-06-02,-1.2208
2011-06-03,-0.994
2011-06-06,-0.8676
2011-06-07,-0.9046
2011-06-08,-1.0366
2011-06-09,-1.231
2011-06-10,-1.5407
2011-06-13,-1.8917
2011-06-14,-2.1527
2011-06-15,-2.4294
2011-06-16,-2.7214
2011-06-17,-3.0797
2011-06-20,-3.5324
2011-06-21,-3.8533
2011-06-22,-4.109
2011-06-23,-4.1635
2011-06-24,-4.1573
2011-06-27,-4.0133
2011-06-28,-3.7298
2011-06-29,-3.3848
2011-06-30,-2.9855
2011-07-01,-2.4453
2011-07-05,-1.7411
2011-07-06,-0.9298
2011-07-07,-0.0051
2011-07-08,0.9824
2011-07-11,1.864
2011-07-12,2.6249
2011-07-13,3.3324
2011-07-14,3.9577
2011-07-15,4.6037
2011-07-18,5.3601
2011-07-19,6.1825
2011-07-20,7.1493
2011-07-21,8.1459
2011-07-22,9.1863
2011-07-25,10.2616
2011-07-26,11.3573
2011-07-27,12.2099
2011-07-28,12.8254
2011-07-29,13.2093
2011-08-01,13.4978
2011-08-02,13.5556
2011-08-03,13.4933
2011-08-04,13.0857
2011-08-05,12.3934
2011-08-08,11.2051
2011-08-09,10.0744
2011-08-10,8.8516
2011-08-11,7.7746
2011-08-12,6.8803
2011-08-15,6.2341
2011-08-16,5.7163
2011-08-17,5.2925
2011-08-18,4.7081
2011-08-19,3.8832
2011-08-22,2.9484
2011-08-23,2.2609
2011-08-24,1.8003
2011-08-25,1.4628
2011-08-26,1.3741
2011-08-29,1.5448
2011-08-30,1.866
2011-08-31,2.178
2011-09-01,2.4024
2011-09-02,2.4432
2011-09-06,2.4521
2011-09-07,2.5017
2011-09-08,2.5719
2011-09-09,2.5392
2011-09-12,2.4773
2011-09-13,2.4691
2011-09-14,2.5643
2011-09-15,2.7717
2011-09-16,3.1526
2011-09-19,3.7926
2011-09-20,4.582
2011-09-21,5.3921
2011-09-22,5.9959
2011-09-23,6.4646
2011-09-26,6.7914
2011-09-27,6.9341
2011-09-28,6.9023
2011-09-29,6.6443
2011-09-30,6.0954
2011-10-03,5.2718
2011-10-04,4.2736
2011-10-05,3.3004
2011-10-06,2.3722
2011-10-07,1.3948
2011-10-10,0.7379
2011-10-11,0.4977
2011-10-12,0.5605
2011-10-13,0.9083
2011-10-14,1.6308
2011-10-17,2.5145
2011-10-18,3.4831
2011-10-19,4.0694
2011-10-20,4.3233
2011-10-21,4.3066
2011-10-24,4.3173
2011-10-25,4.2071
2011-10-26,4.0625
2011-10-27,3.9599
2011-10-28,3.884
2011-10-31,3.8174
2011-11-01,3.6195
2011-11-02,3.3556
2011-11-03,3.147
2011-11-04,2.9316
2011-11-07,2.7084
2011-11-08,2.5896
2011-11-09,2.3618
2011-11-10,1.9118
2011-11-11,1.3321
2011-11-14,0.613
2011-11-15,-0.0045
2011-11-16,-0.5907
2011-11-17,-1.2426
2011-11-18,-1.9382
2011-11-21,-2.7148
2011-11-22,-3.3756
2011-11-23,-4.0735
2011-11-25,-4.8032
2011-11-28,-5.3035
2011-11-29,-5.6683
2011-11-30,-5.7725
2011-12-01,-5.6033
2011-12-02,-5.2306
2011-12-05,-4.6852
2011-12-06,-4.0823
2011-12-07,-3.4954
2011-12-08,-2.9162
2011-12-09,-2.3183
2011-12-12,-1.7633
2011-12-13,-1.3084
2011-12-14,-1.0747
2011-12-15,-1.0095
2011-12-16,-1.0177
2011-12-19,-1.0502
2011-12-20,-0.8747
2011-12-21,-0.5681
2011-12-22,-0.1604
2011-12-23,0.3657
2011-12-27,0.9888
2011-12-28,1.5757
2011-12-29,2.1451
2011-12-30,2.6669
2012-01-03,3.2248
2012-01-04,3.804
2012-01-05,4.4308
2012-01-06,5.1141
2012-01-09,5.7747
2012-01-10,6.3974
2012-01-11,6.9381
2012-01-12,7.3647
2012-01-13,7.6554
2012-01-17,7.9064
2012-01-18,8.1715
2012-01-19,8.3914
2012-01-20,8.4333
2012-01-23,8.4558
2012-01-24,8.3339
2012-01-25,8.5277
2012-01-26,8.8574
2012-01-27,9.2771
2012-01-30,9.8015
2012-01-31,10.3971
2012-02-01,10.9777
2012-02-02,11.4763
2012-02-03,11.9441
2012-02-06,12.4093
2012-02-07,12.8977
2012-02-08,13.4708
2012-02-09,14.2994
2012-02-10,15.2162
2012-02-13,16.2518
2012-02-14,17.3802
2012-02-15,18.2797
2012-02-16,19.0195
2012-02-17,19.5755
2012-02-21,20.1457
2012-02-22,20.6202
2012-02-23,21.0162
2012-02-24,21.3903
2012-02-27,21.7359
2012-02-28,22.1499
2012-02-29,22.6468
2012-03-01,23.1502
2012-03-02,23.5901
2012-03-05,23.7214
2012-03-06,23.5521
2012-03-07,23.1565
2012-03-08,22.7673
2012-03-09,22.4013
2012-03-12,22.127
2012-03-13,22.131
2012-03-14,22.6014
2012-03-15,23.2239
2012-03-16,23.8562
2012-03-19,24.6551
2012-03-20,25.5377
2012-03-21,26.3132
2012-03-22,26.8705
2012-03-23,27.1481
2012-03-26,27.3483
2012-03-27,27.5468
2012-03-28,27.7213
2012-03-29,27.6844
2012-03-30,27.2895
2012-04-02,26.9331
2012-04-03,26.7286
2012-04-04,26.4893
2012-04-05,26.3297
2012-04-09,26.2092
2012-04-10,25.9355
2012-04-11,25.4853
2012-04-12,24.8352
2012-04-13,23.7574
2012-04-16,22.0135
2012-04-17,20.3651
2012-04-18,18.7949
2012-04-19,16.9797
2012-04-20,14.8367
2012-04-23,12.5463
2012-04-24,10.0728
2012-04-25,8.3846
2012-04-26,7.2211
2012-04-27,6.3562
2012-04-30,5.4058
2012-05-01,4.4098
2012-05-02,3.4888
2012-05-03,2.5888
2012-05-04,1.4788
2012-05-07,0.3595
2012-05-08,-0.7285
2012-05-09,-1.7222
2012-05-10,-2.5794
2012-05-11,-3.3611
2012-05-14,-4.1822
2012-05-15,-5.056
2012-05-16,-6.0187
2012-05-17,-7.2276
2012-05-18,-8.5067
2012-05-21,-9.2503
2012-05-22,-9.6672
2012-05-23,-9.6184
2012-05-24,-9.342
2012-05-25,-8.9645
2012-05-29,-8.3638
2012-05-30,-7.5255
2012-05-31,-6.5881
2012-06-01,-5.8897
2012-06-04,-5.3117
2012-06-05,-4.8506
2012-06-06,-4.3383
2012-06-07,-3.8066
2012-06-08,-3.1448
2012-06-11,-2.575
2012-06-12,-2.0072
2012-06-13,-1.5297
2012-06-14,-1.1403
2012-06-15,-0.7825
2012-06-18,-0.2757
2012-06-19,0.3247
2012-06-20,0.9248
2012-06-21,1.3625
2012-06-22,1.7429
2012-06-25,1.8827
2012-06-26,1.8802
2012-06-27,1.8238
2012-06-28,1.6455
2012-06-29,1.6349
2012-07-02,1.8622
2012-07-03,2.3323
2012-07-05,3.0927
2012-07-06,3.9233
2012-07-09,4.8733
2012-07-10,5.7465
2012-07-11,6.4525
2012-07-12,6.9137
2012-07-13,7.2783
2012-07-16,7.5777
2012-07-17,7.8038
2012-07-18,7.9433
2012-07-19,8.1318
2012-07-20,8.1628
2012-07-23,8.0672
2012-07-24,7.8325
2012-07-25,7.0911
2012-07-26,6.0534
2012-07-27,5.0345
2012-07-30,4.2268
2012-07-31,3.8352
2012-08-01,3.6532
2012-08-02,3.6193
2012-08-03,3.7981
2012-08-06,4.2014
2012-08-07,4.6886
2012-08-08,5.1753
2012-08-09,5.6383
2012-08-10,6.0648
2012-08-13,6.5647
2012-08-14,7.0964
2012-08-15,7.5901
2012-08-16,8.1049
2012-08-17,8.7752
2012-08-20,9.7597
2012-08-21,10.7222
2012-08-22,11.8005
2012-08-23,12.7683
2012-08-24,13.5965
2012-08-27,14.4615
2012-08-28,15.2573
2012-08-29,15.9119
2012-08-30,16.2542
2012-08-31,16.3679
2012-09-04,16.45
2012-09-05,16.3951
2012-09-06,16.3161
2012-09-07,16.2555
2012-09-10,15.8901
2012-09-11,15.2824
2012-09-12,14.6666
2012-09-13,14.255
2012-09-14,14.0929
2012-09-17,14.1992
2012-09-18,14.4698
2012-09-19,14.7991
2012-09-20,15.0601
2012-09-21,15.2525
2012-09-24,15.2086
2012-09-25,14.709
2012-09-26,13.783
2012-09-27,12.8645
2012-09-28,11.7427
2012-10-01,10.4024
2012-10-02,9.0023
2012-10-03,7.7794
2012-10-04,6.6398
2012-10-05,5.3703
2012-10-08,3.8436
2012-10-09,2.1899
2012-10-10,0.6191
2012-10-11,-1.0232
2012-10-12,-2.5962
2012-10-15,-3.9568
2012-10-16,-4.8641
2012-10-17,-5.5113
2012-10-18,-6.14
2012-10-19,-7.0739
2012-10-22,-7.7481
2012-10-23,-8.5363
2012-10-24,-9.2799
2012-10-25,-10.0516
2012-10-26,-10.866
2012-10-31,-11.7781
2012-11-01,-12.6574
2012-11-02,-13.7561
2012-11-05,-14.7786
2012-11-06,-15.6943
2012-11-07,-16.8557
2012-11-08,-18.395
2012-11-09,-19.8999
2012-11-12,-21.3265
2012-11-13,-22.5796
2012-11-14,-23.7028
2012-11-15,-24.8113
2012-11-16,-25.7631
2012-11-19,-25.9009
2012-11-20,-25.5392
2012-11-21,-24.8126
2012-11-23,-23.6825
2012-11-26,-22.017
2012-11-27,-20.1289
2012-11-28,-18.1837
2012-11-29,-16.1609
2012-11-30,-14.2236
2012-12-03,-12.3947
2012-12-04,-10.8662
2012-12-05,-10.1727
2012-12-06,-9.8808
2012-12-07,-10.0566
2012-12-10,-10.5483
2012-12-11,-11.0034
2012-12-12,-11.4249
2012-12-13,-11.9257
2012-12-14,-12.7402
2012-12-17,-13.5354
2012-12-18,-14.0055
2012-12-19,-14.3364
2012-12-20,-14.6031
2012-12-21,-14.8206
2012-12-24,-14.9487
2012-12-26,-15.0944
2012-12-27,-15.1761
2012-12-28,-15.2662
2012-12-31,-14.9617
2013-01-02,-14.1228
2013-01-03,-13.0714
2013-01-04,-12.1529
2013-01-07,-11.3876
2013-01-08,-10.7101
2013-01-09,-10.2296
2013-01-10,-9.7723
2013-01-11,-9.3824
2013-01-14,-9.3297
2013-01-15,-9.7225
2013-01-16,-10.0299
2013-01-17,-10.2992
2013-01-18,-10.5499
2013-01-22,-10.6755
2013-01-23,-10.5446
2013-01-24,-11.2488
2013-01-25,-12.5834
2013-01-28,-14.0557
2013-01-29,-15.3704
2013-01-30,-16.5054
2013-01-31,-17.452
2013-02-01,-18.2209
2013-02-04,-18.9771
2013-02-05,-19.3945
2013-02-06,-19.5415
2013-02-07,-19.2932
2013-02-08,-18.6585
2013-02-11,-17.6933
2013-02-12,-16.7231
2013-02-13,-15.7768
2013-02-14,-14.8657
2013-02-15,-14.0933
2013-02-19,-13.4188
2013-02-20,-12.9882
2013-02-21,-12.7479
2013-02-22,-12.5348
2013-02-25,-12.4489
2013-02-26,-12.3206
2013-02-27,-12.2146
2013-02-28,-12.1507
2013-03-01,-12.2633
2013-03-04,-12.619
2013-03-05,-12.9026
2013-03-06,-13.1841
2013-03-07,-13.3411
2013-03-08,-13.3633
2013-03-11,-13.1712
2013-03-12,-12.9754
2013-03-13,-12.7594
2013-03-14,-12.4466
2013-03-15,-11.8832
2013-03-18,-10.9728
2013-03-19,-9.8871
2013-03-20,-8.7645
2013-03-21,-7.6472
2013-03-22,-6.428
2013-03-25,-5.1674
2013-03-26,-3.9743
2013-03-27,-3.0213
2013-03-28,-2.4123
2013-04-01,-2.2647
2013-04-02,-2.3947
2013-04-03,-2.6515
2013-04-04,-3.0363
2013-04-05,-3.5463
2013-04-08,-4.052
2013-04-09,-4.507
2013-04-10,-4.7571
2013-04-11,-4.8766
2013-04-12,-4.969
2013-04-15,-5.187
2013-04-16,-5.3587
2013-04-17,-5.8539
2013-04-18,-6.6843
2013-04-19,-7.6901
2013-04-22,-8.6058
2013-04-23,-9.2784
2013-04-24,-9.7528
2013-04-25,-10.0094
2013-04-26,-9.9524
2013-04-29,-9.4731
2013-04-30,-8.5307
2013-05-01,-7.3836
2013-05-02,-6.0521
2013-05-03,-4.59
2013-05-06,-2.9409
2013-05-07,-1.2871
2013-05-08,0.3685
2013-05-09,1.8249
2013-05-10,3.0152
2013-05-13,3.9977
2013-05-14,4.6158
2013-05-15,4.7231
2013-05-16,4.5853
2013-05-17,4.2695
2013-05-20,4.0033
2013-05-21,3.7208
2013-05-22,3.4615
2013-05-23,3.2349
2013-05-24,3.0814
2013-05-28,2.9156
2013-05-29,2.8
2013-05-30,2.8214
2013-05-31,2.8917
2013-06-03,2.998
2013-06-04,3.0921
2013-06-05,3.0994
2013-06-06,2.9389
2013-06-07,2.7283
2013-06-10,2.4446
2013-06-11,2.1037
2013-06-12,1.6538
2013-06-13,1.2156
2013-06-14,0.7106
2013-06-17,0.2196
2013-06-18,-0.241
2013-06-19,-0.7977
2013-06-20,-1.4821
2013-06-21,-2.2604
2013-06-24,-3.2266
2013-06-25,-4.251
2013-06-26,-5.3213
2013-06-27,-6.4206
2013-06-28,-7.4219
2013-07-01,-8.0899
2013-07-02,-8.3477
2013-07-03,-8.2789
2013-07-05,-8.0442
2013-07-08,-7.7371
2013-07-09,-7.2668
2013-07-10,-6.7281
2013-07-11,-6.0548
2013-07-12,-5.331
2013-07-15,-4.5865
2013-07-16,-3.8137
2013-07-17,-3.0531
2013-07-18,-2.31
2013-07-19,-1.7202
2013-07-22,-1.2317
2013-07-23,-0.9463
2013-07-24,-0.4577
2013-07-25,0.1016
2013-07-26,0.7155
2013-07-29,1.4382
2013-07-30,2.2761
2013-07-31,3.1247
2013-08-01,3.9943
2013-08-02,4.9161
2013-08-05,5.9213
2013-08-06,6.8456
2013-08-07,7.6507
2013-08-08,8.2583
2013-08-09,8.5866
2013-08-12,8.9091
2013-08-13,9.5451
2013-08-14,10.465
2013-08-15,11.4814
2013-08-16,12.5492
2013-08-19,13.6511
2013-08-20,14.579
2013-08-21,15.3365
2013-08-22,15.9223
2013-08-23,16.3023
2013-08-26,16.5275
2013-08-27,16.3767
2013-08-28,15.9976
2013-08-29,15.4717
2013-08-30,14.7745
2013-09-03,13.9946
2013-09-04,13.3332
2013-09-05,12.6957
2013-09-06,12.1248
2013-09-09,11.7247
2013-09-10,11.242
2013-09-11,10.2775
2013-09-12,9.1177
2013-09-13,7.7512
2013-09-16,6.0732
2013-09-17,4.3572
2013-09-18,2.8466
2013-09-19,1.6591
2013-09-20,0.6546
2013-09-23,0.1865
2013-09-24,0.0541
2013-09-25,0.0183
2013-09-26,0.1196
2013-09-27,0.246
2013-09-30,0.2851
2013-10-01,0.4456
2013-10-02,0.6985
2013-10-03,0.8961
2013-10-04,1.0407
2013-10-07,1.2175
2013-10-08,1.2936
2013-10-09,1.3899
2013-10-10,1.5393
2013-10-11,1.7612
2013-10-14,2.0645
2013-10-15,2.4403
2013-10-16,2.875
2013-10-17,3.3715
2013-10-18,3.9429
2013-10-21,4.7213
2013-10-22,5.5542
2013-10-23,6.446
2013-10-24,7.4242
2013-10-25,8.2934
2013-10-28,9.0924
2013-10-29,9.5742
2013-10-30,9.9411
2013-10-31,10.1592
2013-11-01,10.2068
2013-11-04,10.229
2013-11-05,10.19
2013-11-06,10.0192
2013-11-07,9.6175
2013-11-08,9.1989
2013-11-11,8.7466
2013-11-12,8.2922
2013-11-13,7.8515
2013-11-14,7.5446
2013-11-15,7.2698
2013-11-18,6.9116
2013-11-19,6.5188
2013-11-20,6.0374
2013-11-21,5.61
2013-11-22,5.2045
2013-11-25,4.8852
2013-11-26,4.7795
2013-11-27,5.0028
2013-11-29,5.5705
2013-12-02,6.2344
2013-12-03,7.1503
2013-12-04,8.1388
2013-12-05,9.1487
2013-12-06,9.9725
2013-12-09,10.716
2013-12-10,11.3317
2013-12-11,11.7424
2013-12-12,11.9632
2013-12-13,11.9287
2013-12-16,11.7577
2013-12-17,11.4433
2013-12-18,10.9621
2013-12-19,10.276
2013-12-20,9.5466
2013-12-23,9.1428
2013-12-24,8.9048
2013-12-26,8.7028
2013-12-27,8.4532
2013-12-30,8.0788
2013-12-31,7.7311
2014-01-02,7.2749
2014-01-03,6.5641
2014-01-06,5.7631
2014-01-07,4.8723
2014-01-08,4.0155
2014-01-09,3.1049
2014-01-10,2.1443
2014-01-13,1.2422
2014-01-14,0.5914
2014-01-15,0.3058
2014-01-16,0.2139
2014-01-17,0.0309
2014-01-21,-0.0655
2014-01-22,-0.0636
2014-01-23,0.0745
2014-01-24,0.1293
2014-01-27,0.1993
2014-01-28,-0.4272
2014-01-29,-1.5482
2014-01-30,-2.9323
2014-01-31,-4.389
2014-02-03,-5.79
2014-02-04,-6.9537
2014-02-05,-7.8311
2014-02-06,-8.4665
2014-02-07,-8.7832
2014-02-10,-8.715
2014-02-11,-8.2781
2014-02-12,-7.6148
2014-02-13,-6.6911
2014-02-14,-5.6445
2014-02-18,-4.531
2014-02-19,-3.561
2014-02-20,-2.823
2014-02-21,-2.3568
2014-02-24,-2.0433
2014-02-25,-1.9249
2014-02-26,-2.0057
2014-02-27,-2.038
2014-02-28,-2.0563
2014-03-03,-2.0359
2014-03-04,-1.9322
2014-03-05,-1.7595
2014-03-06,-1.5742
2014-03-07,-1.3921
2014-03-10,-1.2107
2014-03-11,-0.9541
2014-03-12,-0.6532
2014-03-13,-0.434
2014-03-14,-0.3716
2014-03-17,-0.3772
2014-03-18,-0.3498
2014-03-19,-0.3048
2014-03-20,-0.2911
2014-03-21,-0.2306
2014-03-24,-0.0426
2014-03-25,0.3081
2014-03-26,0.6586
2014-03-27,0.952
2014-03-28,1.1826
2014-03-31,1.3571
2014-04-01,1.5625
2014-04-02,1.7873
2014-04-03,1.9485
2014-04-04,1.9456
2014-04-07,1.7024
2014-04-08,1.3171
2014-04-09,0.9695
2014-04-10,0.5525
2014-04-11,0.0509
2014-04-14,-0.4446
2014-04-15,-0.9685
2014-04-16,-1.464
2014-04-17,-1.8176
2014-04-21,-1.9602
2014-04-22,-1.9503
2014-04-23,-1.9516
2014-04-24,-1.2691
2014-04-25,-0.1244
2014-04-28,1.6037
2014-04-29,3.5752
2014-04-30,5.5519
2014-05-01,7.4378
2014-05-02,9.1686
2014-05-05,10.8241
2014-05-06,12.2166
2014-05-07,13.3102
2014-05-08,14.0595
2014-05-09,14.4827
2014-05-12,14.7625
2014-05-13,14.9189
2014-05-14,14.9577
2014-05-15,14.8059
2014-05-16,14.6476
2014-05-19,14.573
2014-05-20,14.5236
2014-05-21,14.485
2014-05-22,14.4373
2014-05-23,14.4632
2014-05-27,14.6842
2014-05-28,14.9567
2014-05-29,15.3944
2014-05-30,15.8397
2014-06-02,16.161
2014-06-03,16.4926
2014-06-04,16.8919
2014-06-05,17.3145
2014-06-06,17.6618
2014-06-09,9.0986
2014-06-10,-4.6126
2014-06-11,-20.8274
2014-06-12,-37.739
2014-06-13,-54.1308
2014-06-16,-69.1996
2014-06-17,-82.4933
2014-06-18,-93.788
2014-06-19,-103.0291
2014-06-20,-110.2787
2014-06-23,-115.6502
2014-06-24,-119.308
2014-06-25,-121.4268
2014-06-26,-122.1845
2014-06-27,-121.7537
2014-06-30,-120.3079
2014-07-01,-118.018
2014-07-02,-115.0509
2014-07-03,-111.5437
2014-07-07,-107.5968
2014-07-08,-103.3457
2014-07-09,-98.8908
2014-07-10,-94.3218
2014-07-11,-89.7029
2014-07-14,-85.0708
2014-07-15,-80.4974
2014-07-16,-76.0257
2014-07-17,-71.7058
2014-07-18,-67.5227
2014-07-21,-63.4986
2014-07-22,-59.6278
2014-07-23,-55.8808
2014-07-24,-52.283
2014-07-25,-48.8379
2014-07-28,-45.5363
2014-07-29,-42.4042
2014-07-30,-39.4494
2014-07-31,-36.7115
2014-08-01,-34.1609
2014-08-04,-31.7922
2014-08-05,-29.5967
2014-08-06,-27.5599
2014-08-07,-25.6743
2014-08-08,-23.9195
2014-08-11,-22.2643
2014-08-12,-20.7079
2014-08-13,-19.2275
2014-08-14,-17.8244
2014-08-15,-16.495
2014-08-18,-15.2251
2014-08-19,-14.0024
2014-08-20,-12.8409
2014-08-21,-11.7493
2014-08-22,-10.72
2014-08-25,-9.7559
2014-08-26,-8.8712
2014-08-27,-8.0428
2014-08-28,-7.2727
2014-08-29,-6.5591
2014-09-02,-5.8905
2014-09-03,-5.3413
2014-09-04,-4.8967
2014-09-05,-4.5162
2014-09-08,-4.1953
2014-09-09,-3.9249
2014-09-10,-3.6433
2014-09-11,-3.3543
2014-09-12,-3.0646
2014-09-15,-2.783
2014-09-16,-2.5273
2014-09-17,-2.2839
2014-09-18,-2.0525
2014-09-19,-1.8492
2014-09-22,-1.6685
2014-09-23,-1.4823
2014-09-24,-1.3133
2014-09-25,-1.2228
2014-09-26,-1.1376
2014-09-29,-1.0677
2014-09-30,-0.9985
2014-10-01,-0.9561
2014-10-02,-0.9191
2014-10-03,-0.8897
2014-10-06,-0.8646
2014-10-07,-0.8555
2014-10-08,-0.8222
2014-10-09,-0.7701
2014-10-10,-0.7118
2014-10-13,-0.6657
2014-10-14,-0.6451
2014-10-15,-0.6595
2014-10-16,-0.7138
2014-10-17,-0.7662
2014-10-20,-0.7797
2014-10-21,-0.723
2014-10-22,-0.6153
2014-10-23,-0.4505
2014-10-24,-0.2514
2014-10-27,-0.0424
2014-10-28,0.188
2014-10-29,0.4289
2014-10-30,0.6569
2014-10-31,0.8798
2014-11-03,1.1081
2014-11-04,1.3124
2014-11-05,1.4923
2014-11-06,1.6414
2014-11-07,1.7646
2014-11-10,1.8583
2014-11-11,1.9381
2014-11-12,2.0254
2014-11-13,2.1333
2014-11-14,2.2652
2014-11-17,2.397
2014-11-18,2.5401
2014-11-19,2.6642
2014-11-20,2.7899
2014-11-21,2.9063
2014-11-24,3.0385
2014-11-25,3.1504
2014-11-26,3.2588
2014-11-28,3.3509
2014-12-01,3.3586
2014-12-02,3.2984
2014-12-03,3.212
2014-12-04,3.0994
2014-12-05,2.9613
2014-12-08,2.7664
2014-12-09,2.5671
2014-12-10,2.335
2014-12-11,2.0841
2014-12-12,1.7995
2014-12-15,1.4806
2014-12-16,1.13
2014-12-17,0.8178
2014-12-18,0.5959
2014-12-19,0.427
2014-12-22,0.3177
2014-12-23,0.2443
2014-12-24,0.1883
2014-12-26,0.1774
2014-12-29,0.1935
2014-12-30,0.2031
2014-12-31,0.1736
2015-01-02,0.1039
2015-01-05,-0.0367
2015-01-06,-0.2141
2015-01-07,-0.381
2015-01-08,-0.4657
2015-01-09,-0.4914
2015-01-12,-0.5218
2015-01-13,-0.5367
2015-01-14,-0.5467
2015-01-15,-0.5994
2015-01-16,-0.688
2015-01-20,-0.7493
2015-01-21,-0.7753
2015-01-22,-0.7306
2015-01-23,-0.633
2015-01-26,-0.504
2015-01-27,-0.4242
2015-01-28,-0.2799
2015-01-29,-0.0448
2015-01-30,0.2071
2015-02-02,0.4794
2015-02-03,0.7494
2015-02-04,1.0166
2015-02-05,1.2718
2015-02-06,1.4871
2015-02-09,1.6754
2015-02-10,1.8696
2015-02-11,2.0988
2015-02-12,2.3584
2015-02-13,2.6278
2015-02-17,2.8954
2015-02-18,3.1552
2015-02-19,3.3851
2015-02-20,3.5932
2015-02-23,3.8245
2015-02-24,4.0362
2015-02-25,4.1613
2015-02-26,4.2422
2015-02-27,4.2502
2015-03-02,4.2124
2015-03-03,4.1427
2015-03-04,4.034
2015-03-05,3.8635
2015-03-06,3.6573
2015-03-09,3.44
2015-03-10,3.1771
2015-03-11,2.8561
2015-03-12,2.5443
2015-03-13,2.2349
2015-03-16,1.96
2015-03-17,1.75
2015-03-18,1.6104
2015-03-19,1.5031
2015-03-20,1.3928
2015-03-23,1.3041
2015-03-24,1.2223
2015-03-25,1.0936
2015-03-26,0.9534
2015-03-27,0.7954
2015-03-30,0.6825
2015-03-31,0.5713
2015-04-01,0.4627
2015-04-02,0.3776
2015-04-06,0.3431
2015-04-07,0.3201
2015-04-08,0.2981
2015-04-09,0.2925
2015-04-10,0.3056
2015-04-13,0.3249
2015-04-14,0.3376
2015-04-15,0.3524
2015-04-16,0.3572
2015-04-17,0.3319
2015-04-20,0.334
2015-04-21,0.3412
2015-04-22,0.3778
2015-04-23,0.4468
2015-04-24,0.5412
2015-04-27,0.6831
2015-04-28,0.8126
2015-04-29,0.8948
2015-04-30,0.8855
2015-05-01,0.8779
2015-05-04,0.8658
2015-05-05,0.8032
2015-05-06,0.6979
2015-05-07,0.5737
2015-05-08,0.4805
2015-05-11,0.3898
2015-05-12,0.2972
2015-05-13,0.21
2015-05-14,0.1772
2015-05-15,0.1768
2015-05-18,0.2191
2015-05-19,0.2835
2015-05-20,0.3576
2015-05-21,0.4542
2015-05-22,0.5773
2015-05-26,0.6625
2015-05-27,0.7568
2015-05-28,0.8458
2015-05-29,0.901
2015-06-01,0.9341
2015-06-02,0.9404
2015-06-03,0.9299
2015-06-04,0.8952
2015-06-05,0.8337
2015-06-08,0.7433
2015-06-09,0.6317
2015-06-10,0.5346
2015-06-11,0.4457
2015-06-12,0.343
2015-06-15,0.2322
2015-06-16,0.1326
2015-06-17,0.04
2015-06-18,-0.0341
2015-06-19,-0.1131
2015-06-22,-0.1747
2015-06-23,-0.231
2015-06-24,-0.2632
2015-06-25,-0.2878
2015-06-26,-0.3177
2015-06-29,-0.3839
2015-06-30,-0.4544
2015-07-01,-0.504
2015-07-02,-0.5394
2015-07-06,-0.5697
2015-07-07,-0.599
2015-07-08,-0.6745
2015-07-09,-0.8133
2015-07-10,-0.9315
2015-07-13,-0.9904
2015-07-14,-1.0077
2015-07-15,-0.9764
2015-07-16,-0.887
2015-07-17,-0.7463
2015-07-20,-0.5398
2015-07-21,-0.3229
2015-07-22,-0.1983
2015-07-23,-0.1386
2015-07-24,-0.1329
2015-07-27,-0.1886
2015-07-28,-0.2698
2015-07-29,-0.3682
2015-07-30,-0.4814
2015-07-31,-0.6139
2015-08-03,-0.7957
2015-08-04,-1.0578
2015-08-05,-1.3418
2015-08-06,-1.626
2015-08-07,-1.8855
2015-08-10,-2.0446
2015-08-11,-2.2271
2015-08-12,-2.3818
2015-08-13,-2.5069
2015-08-14,-2.5883
2015-08-17,-2.613
2015-08-18,-2.6054
2015-08-19,-2.5958
2015-08-20,-2.6172
2015-08-21,-2.7609
2015-08-24,-3.0095
2015-08-25,-3.294
2015-08-26,-3.4838
2015-08-27,-3.5447
2015-08-28,-3.5077
2015-08-31,-3.4118
2015-09-01,-3.3565
2015-09-02,-3.2483
2015-09-03,-3.1365
2015-09-04,-3.0389
2015-09-08,-2.8997
2015-09-09,-2.7697
2015-09-10,-2.6074
2015-09-11,-2.4011
2015-09-14,-2.1551
2015-09-15,-1.8767
2015-09-16,-1.5863
2015-09-17,-1.3396
2015-09-18,-1.1378
2015-09-21,-0.944
2015-09-22,-0.792
2015-09-23,-0.6578
2015-09-24,-0.5294
2015-09-25,-0.4148
2015-09-28,-0.3501
2015-09-29,-0.3733
2015-09-30,-0.4296
2015-10-01,-0.5143
2015-10-02,-0.5984
2015-10-05,-0.6699
2015-10-06,-0.7199
2015-10-07,-0.7605
2015-10-08,-0.8118
2015-10-09,-0.8235
2015-10-12,-0.8162
2015-10-13,-0.7924
2015-10-14,-0.783
2015-10-15,-0.755
2015-10-16,-0.7281
2015-10-19,-0.6907
2015-10-20,-0.6145
2015-10-21,-0.5168
2015-10-22,-0.3817
2015-10-23,-0.1724
2015-10-26,0.0123
2015-10-27,0.1602
2015-10-28,0.3522
2015-10-29,0.5811
2015-10-30,0.8034
2015-11-02,1.0348
2015-11-03,1.2797
2015-11-04,1.5081
2015-11-05,1.6936
2015-11-06,1.8408
2015-11-09,1.9443
2015-11-10,1.95
2015-11-11,1.879
2015-11-12,1.7532
2015-11-13,1.5417
2015-11-16,1.3133
2015-11-17,1.0757
2015-11-18,0.8996
2015-11-19,0.7931
2015-11-20,0.7423
2015-11-23,0.7026
2015-11-24,0.6884
2015-11-25,0.6758
2015-11-27,0.6598
2015-11-30,0.6488
2015-12-01,0.6247
2015-12-02,0.5754
2015-12-03,0.4943
2015-12-04,0.4575
2015-12-07,0.4374
2015-12-08,0.427
2015-12-09,0.3806
2015-12-10,0.322
2015-12-11,0.2104
2015-12-14,0.0598
2015-12-15,-0.1393
2015-12-16,-0.3444
2015-12-17,-0.5795
2015-12-18,-0.8667
2015-12-21,-1.1488
2015-12-22,-1.412
2015-12-23,-1.6242
2015-12-24,-1.7989
2015-12-28,-1.9562
2015-12-29,-2.0592
2015-12-30,-2.1407
2015-12-31,-2.2325
2016-01-04,-2.3194
2016-01-05,-2.4355
2016-01-06,-2.5903
2016-01-07,-2.8232
2016-01-08,-3.0782
2016-01-11,-3.3017
2016-01-12,-3.4634
2016-01-13,-3.6109
2016-01-14,-3.6997
2016-01-15,-3.7766
2016-01-19,-3.841
2016-01-20,-3.8834
2016-01-21,-3.9086
2016-01-22,-3.8312
2016-01-25,-3.7164
2016-01-26,-3.567
2016-01-27,-3.5003
2016-01-28,-3.4703
2016-01-29,-3.4052
2016-02-01,-3.3282
2016-02-02,-3.2713
2016-02-03,-3.1927
2016-02-04,-3.0934
2016-02-05,-3.0204
2016-02-08,-2.945
2016-02-09,-2.8657
2016-02-10,-2.7931
2016-02-11,-2.7312
2016-02-12,-2.6683
2016-02-16,-2.5599
2016-02-17,-2.3991
2016-02-18,-2.2381
2016-02-19,-2.0838
2016-02-22,-1.9237
2016-02-23,-1.7989
2016-02-24,-1.6762
2016-02-25,-1.5468
2016-02-26,-1.4141
2016-02-29,-1.2866
2016-03-01,-1.1049
2016-03-02,-0.8926
2016-03-03,-0.6584
2016-03-04,-0.397
2016-03-07,-0.1496
2016-03-08,0.0629
2016-03-09,0.2438
2016-03-10,0.3956
2016-03-11,0.5377
2016-03-14,0.6692
2016-03-15,0.8185
2016-03-16,0.9915
2016-03-17,1.1652
2016-03-18,1.3296
2016-03-21,1.4763
2016-03-22,1.6137
2016-03-23,1.7251
2016-03-24,1.8031
2016-03-28,1.8442
2016-03-29,1.8957
2016-03-30,1.9765
2016-03-31,2.058
2016-04-01,2.1468
2016-04-04,2.2488
2016-04-05,2.3275
2016-04-06,2.4007
2016-04-07,2.4224
2016-04-08,2.4072
2016-04-11,2.3698
2016-04-12,2.3378
2016-04-13,2.331
2016-04-14,2.3361
2016-04-15,2.307
2016-04-18,2.2151
2016-04-19,2.0743
2016-04-20,1.9092
2016-04-21,1.7146
2016-04-22,1.5032
2016-04-25,1.2793
2016-04-26,1.0448
2016-04-27,0.7093
2016-04-28,0.2789
2016-04-29,-0.2066
2016-05-02,-0.7022
2016-05-03,-1.152
2016-05-04,-1.5627
2016-05-05,-1.939
2016-05-06,-2.2778
2016-05-09,-2.5691
2016-05-10,-2.7994
2016-05-11,-2.9876
2016-05-12,-3.1673
2016-05-13,-3.3222
2016-05-16,-3.3922
2016-05-17,-3.4038
2016-05-18,-3.3535
2016-05-19,-3.265
2016-05-20,-3.1335
2016-05-23,-2.9555
2016-05-24,-2.7275
2016-05-25,-2.4465
2016-05-26,-2.1288
2016-05-27,-1.8009
2016-05-31,-1.4874
2016-06-01,-1.2184
2016-06-02,-1.0004
2016-06-03,-0.8203
2016-06-06,-0.6602
2016-06-07,-0.5132
2016-06-08,-0.3823
2016-06-09,-0.2562
2016-06-10,-0.1522
2016-06-13,-0.091
2016-06-14,-0.0576
2016-06-15,-0.0484
2016-06-16,-0.0482
2016-06-17,-0.089
2016-06-20,-0.1567
2016-06-21,-0.2246
2016-06-22,-0.2942
2016-06-23,-0.3518
2016-06-24,-0.4411
2016-06-27,-0.5663
2016-06-28,-0.6814
2016-06-29,-0.7697
2016-06-30,-0.8157
2016-07-01,-0.8262
2016-07-05,-0.8264
2016-07-06,-0.8097
2016-07-07,-0.7748
2016-07-08,-0.7168
2016-07-11,-0.641
2016-07-12,-0.5494
2016-07-13,-0.4603
2016-07-14,-0.3458
2016-07-15,-0.2207
2016-07-18,-0.0783
2016-07-19,0.0684
2016-07-20,0.2113
2016-07-21,0.3354
2016-07-22,0.4281
2016-07-25,0.4744
2016-07-26,0.4772
2016-07-27,0.5519
2016-07-28,0.6885
2016-07-29,0.8532
2016-08-01,1.0542
2016-08-02,1.2401
2016-08-03,1.4247
2016-08-04,1.597
2016-08-05,1.7745
2016-08-08,1.9561
2016-08-09,2.1334
2016-08-10,2.2808
2016-08-11,2.3956
2016-08-12,2.4823
2016-08-15,2.562
2016-08-16,2.6257
2016-08-17,2.6675
2016-08-18,2.685
2016-08-19,2.6848
2016-08-22,2.6538
2016-08-23,2.6045
2016-08-24,2.5272
2016-08-25,2.4235
2016-08-26,2.2929
2016-08-29,2.1453
2016-08-30,1.9767
2016-08-31,1.801
2016-09-01,1.6359
2016-09-02,1.4983
2016-09-06,1.3814
2016-09-07,1.2908
2016-09-08,1.1733
2016-09-09,1.0043
2016-09-12,0.8464
2016-09-13,0.7419
2016-09-14,0.7355
2016-09-15,0.85
2016-09-16,1.0219
2016-09-19,1.197
2016-09-20,1.3622
2016-09-21,1.509
2016-09-22,1.6502
2016-09-23,1.7463
2016-09-26,1.8078
2016-09-27,1.8436
2016-09-28,1.8709
2016-09-29,1.8591
2016-09-30,1.8329
2016-10-03,1.7864
2016-10-04,1.7333
2016-10-05,1.6757
2016-10-06,1.6278
2016-10-07,1.5875
2016-10-10,1.5823
2016-10-11,1.5997
2016-10-12,1.6432
2016-10-13,1.6915
2016-10-14,1.7466
2016-10-17,1.7979
2016-10-18,1.8388
2016-10-19,1.8611
2016-10-20,1.8656
2016-10-21,1.8469
2016-10-24,1.8273
2016-10-25,1.8136
2016-10-26,1.7577
2016-10-27,1.6565
2016-10-28,1.5164
2016-10-31,1.3529
2016-11-01,1.1475
2016-11-02,0.9256
2016-11-03,0.6748
2016-11-04,0.4018
2016-11-07,0.1531
2016-11-08,-0.0571
2016-11-09,-0.235
2016-11-10,-0.432
2016-11-11,-0.6196
2016-11-14,-0.8333
2016-11-15,-1.028
2016-11-16,-1.1523
2016-11-17,-1.2239
2016-11-18,-1.2543
2016-11-21,-1.2277
2016-11-22,-1.1628
2016-11-23,-1.0838
2016-11-25,-0.9887
2016-11-28,-0.8898
2016-11-29,-0.7933
2016-11-30,-0.7167
2016-12-01,-0.6713
2016-12-02,-0.6397
2016-12-05,-0.6297
2016-12-06,-0.6188
2016-12-07,-0.5894
2016-12-08,-0.5311
2016-12-09,-0.4274
2016-12-12,-0.31
2016-12-13,-0.1594
2016-12-14,0.0046
2016-12-15,0.1783
2016-12-16,0.351
2016-12-19,0.524
2016-12-20,0.6918
2016-12-21,0.8477
2016-12-22,0.9738
2016-12-23,1.076
2016-12-27,1.1673
2016-12-28,1.2363
2016-12-29,1.2844
2016-12-30,1.2995
2017-01-03,1.2953
2017-01-04,1.2743
2017-01-05,1.2504
2017-01-06,1.2437
2017-01-09,1.2626
2017-01-10,1.2956
2017-01-11,1.343
2017-01-12,1.3859
2017-01-13,1.4171
2017-01-17,1.4515
2017-01-18,1.4827
2017-01-19,1.5034
2017-01-20,1.5166
2017-01-23,1.5223
2017-01-24,1.5176
2017-01-25,1.5337
2017-01-26,1.5596
2017-01-27,1.5867
2017-01-30,1.6045
2017-01-31,1.6074
2017-02-01,1.7152
2017-02-02,1.8756
2017-02-03,2.0652
2017-02-06,2.2777
2017-02-07,2.508
2017-02-08,2.7399
2017-02-09,2.9603
2017-02-10,3.1505
2017-02-13,3.3233
2017-02-14,3.4961
2017-02-15,3.6597
2017-02-16,3.798
2017-02-17,3.9106
2017-02-21,4.0078
2017-02-22,4.0877
2017-02-23,4.134
2017-02-24,4.1494
2017-02-27,4.1396
2017-02-28,4.1059
2017-03-01,4.0945
2017-03-02,4.0749
2017-03-03,4.0551
2017-03-06,4.0198
2017-03-07,3.9706
2017-03-08,3.8977
2017-03-09,3.7999
2017-03-10,3.6902
2017-03-13,3.5714
2017-03-14,3.4416
2017-03-15,3.3274
2017-03-16,3.225
2017-03-17,3.1168
2017-03-20,3.027
2017-03-21,2.9208
2017-03-22,2.8283
2017-03-23,2.7349
2017-03-24,2.6351
2017-03-27,2.5343
2017-03-28,2.4791
2017-03-29,2.4547
2017-03-30,2.4423
2017-03-31,2.4282
2017-04-03,2.4089
2017-04-04,2.3989
2017-04-05,2.3778
2017-04-06,2.3397
2017-04-07,2.2826
2017-04-10,2.2085
2017-04-11,2.0982
2017-04-12,1.9688
2017-04-13,1.8178
2017-04-17,1.6695
2017-04-18,1.5167
2017-04-19,1.3575
2017-04-20,1.2275
2017-04-21,1.1172
2017-04-24,1.0442
2017-04-25,1.0104
2017-04-26,0.987
2017-04-27,0.9708
2017-04-28,0.9555
2017-05-01,0.9863
2017-05-02,1.0568
2017-05-03,1.139
2017-05-04,1.2131
2017-05-05,1.3143
2017-05-08,1.4888
2017-05-09,1.7123
2017-05-10,1.9392
2017-05-11,2.1631
2017-05-12,2.4026
2017-05-15,2.6275
2017-05-16,2.8218
2017-05-17,2.897
2017-05-18,2.9236
2017-05-19,2.92
2017-05-22,2.9057
2017-05-23,2.8759
2017-05-24,2.8241
2017-05-25,2.7631
2017-05-26,2.6892
2017-05-30,2.6059
2017-05-31,2.5006
2017-06-01,2.388
2017-06-02,2.3075
2017-06-05,2.2219
2017-06-06,2.1408
2017-06-07,2.0765
2017-06-08,2.0154
2017-06-09,1.859
2017-06-12,1.59
2017-06-13,1.2796
2017-06-14,0.9338
2017-06-15,0.5679
2017-06-16,0.175
2017-06-19,-0.1496
2017-06-20,-0.4352
2017-06-21,-0.6668
2017-06-22,-0.8546
2017-06-23,-0.9929
2017-06-26,-1.098
2017-06-27,-1.2075
2017-06-28,-1.2779
2017-06-29,-1.3514
2017-06-30,-1.4145
2017-07-03,-1.4729
2017-07-05,-1.5124
2017-07-06,-1.5564
2017-07-07,-1.5741
2017-07-10,-1.5568
2017-07-11,-1.5075
2017-07-12,-1.4338
2017-07-13,-1.3131
2017-07-14,-1.146
2017-07-17,-0.9477
2017-07-18,-0.7297
2017-07-19,-0.4942
2017-07-20,-0.2698
2017-07-21,-0.0646
2017-07-24,0.147
2017-07-25,0.3616
2017-07-26,0.5774
2017-07-27,0.7351
2017-07-28,0.8296
2017-07-31,0.8652
2017-08-01,0.8813
2017-08-02,0.9952
2017-08-03,1.1373
2017-08-04,1.3001
2017-08-07,1.5029
2017-08-08,1.7371
2017-08-09,1.9903
2017-08-10,2.146
2017-08-11,2.262
2017-08-14,2.3797
2017-08-15,2.5149
2017-08-16,2.6377
2017-08-17,2.6911
2017-08-18,2.6863
2017-08-21,2.6345
2017-08-22,2.591
2017-08-23,2.5522
2017-08-24,2.5013
2017-08-25,2.4492
2017-08-28,2.4191
2017-08-29,2.4219
2017-08-30,2.4467
2017-08-31,2.4887
2017-09-01,2.5344
2017-09-05,2.5429
2017-09-06,2.5191
2017-09-07,2.4602
2017-09-08,2.3348
2017-09-11,2.2147
2017-09-12,2.0891
2017-09-13,1.9424
2017-09-14,1.7641
2017-09-15,1.5966
2017-09-18,1.4219
2017-09-19,1.2495
2017-09-20,1.0422
2017-09-21,0.7789
2017-09-22,0.4685
2017-09-25,0.1225
2017-09-26,-0.1868
2017-09-27,-0.4389
2017-09-28,-0.6561
2017-09-29,-0.8253
2017-10-02,-0.9584
2017-10-03,-1.0492
2017-10-04,-1.1222
2017-10-05,-1.1472
2017-10-06,-1.1396
2017-10-09,-1.1008
2017-10-10,-1.041
2017-10-11,-0.9584
2017-10-12,-0.8725
2017-10-13,-0.7711
2017-10-16,-0.6176
2017-10-17,-0.4286
2017-10-18,-0.2376
2017-10-19,-0.1152
2017-10-20,-0.0375
2017-10-23,0.0068
2017-10-24,0.0427
2017-10-25,0.0603
2017-10-26,0.0814
2017-10-27,0.1934
2017-10-30,0.4146
2017-10-31,0.7286
2017-11-01,1.0485
2017-11-02,1.3723
2017-11-03,1.7485
2017-11-06,2.1618
2017-11-07,2.5807
2017-11-08,2.998
2017-11-09,3.3799
2017-11-10,3.6926
2017-11-13,3.926
2017-11-14,4.0464
2017-11-15,4.0445
2017-11-16,3.989
2017-11-17,3.8786
2017-11-20,3.728
2017-11-21,3.6021
2017-11-22,3.519
2017-11-24,3.4592
2017-11-27,3.3953
2017-11-28,3.3082
2017-11-29,3.1462
2017-11-30,2.9765
2017-12-01,2.7912
2017-12-04,2.5796
2017-12-05,2.3542
2017-12-06,2.1165
2017-12-07,1.8837
2017-12-08,1.6626
2017-12-11,1.5094
2017-12-12,1.3879
2017-12-13,1.2984
2017-12-14,1.23
2017-12-15,1.2035
2017-12-18,1.2411
2017-12-19,1.2839
2017-12-20,1.3219
2017-12-21,1.3624
2017-12-22,1.3991
2017-12-26,1.3577
2017-12-27,1.2667
2017-12-28,1.1543
2017-12-29,1.0021
2018-01-02,0.8791
2018-01-03,0.7783
2018-01-04,0.7077
2018-01-05,0.6896
2018-01-08,0.6933
2018-01-09,0.7087
2018-01-10,0.7283
2018-01-11,0.7636
2018-01-12,0.8341
2018-01-16,0.9067
2018-01-17,1.0212
2018-01-18,1.1561
2018-01-19,1.2814
2018-01-22,1.3678
2018-01-23,1.4229
2018-01-24,1.4072
2018-01-25,1.2952
2018-01-26,1.1321
2018-01-29,0.8862
2018-01-30,0.5837
2018-01-31,0.2674
2018-02-01,-0.0359
2018-02-02,-0.4313
2018-02-05,-0.9266
2018-02-06,-1.3522
2018-02-07,-1.7643
2018-02-08,-2.2124
2018-02-09,-2.6344
2018-02-12,-2.9114
2018-02-13,-3.0505
2018-02-14,-3.0404
2018-02-15,-2.8407
2018-02-16,-2.5353
2018-02-20,-2.1829
2018-02-21,-1.8272
2018-02-22,-1.4609
2018-02-23,-1.0561
2018-02-26,-0.5905
2018-02-27,-0.1193
2018-02-28,0.3269
2018-03-01,0.6833
2018-03-02,0.9827
2018-03-05,1.238
2018-03-06,1.4471
2018-03-07,1.5869
2018-03-08,1.7027
2018-03-09,1.842
2018-03-12,2.0124
2018-03-13,2.1607
2018-03-14,2.2582
2018-03-15,2.3168
2018-03-16,2.3327
2018-03-19,2.2723
2018-03-20,2.1611
2018-03-21,1.9556
2018-03-22,1.6587
2018-03-23,1.2539
2018-03-26,0.9248
2018-03-27,0.5876
2018-03-28,0.2319
2018-03-29,-0.0964
2018-04-02,-0.4077
2018-04-03,-0.6638
2018-04-04,-0.8191
2018-04-05,-0.8821
2018-04-06,-0.9525
2018-04-09,-0.995
2018-04-10,-0.9645
2018-04-11,-0.9006
2018-04-12,-0.7898
2018-04-13,-0.6444
2018-04-16,-0.4659
2018-04-17,-0.2365
2018-04-18,0.0071
2018-04-19,0.1663
2018-04-20,0.151
2018-04-23,0.019
2018-04-24,-0.2159
2018-04-25,-0.4911
